# NOTE: PARTIAL RUN -- see bbf/README.md; sweep was still in progress at commit time
  line     3  DECIDED  n>=2  1 branch(es)  [1/105, 10/3, 27/110, 35/2, 33/5]
  line     4  DECIDED  n>=2  1 branch(es)  [1/105, 10/3, 27/110, 49/2, 33/7]
  line    27  DECIDED  n>=2  1 branch(es)  [1/105, 15/22, 4/3, 35/2, 363/5]
  line    29  DECIDED  n>=2  1 branch(es)  [1/105, 15/22, 4/3, 49/2, 363/7]
  line    40  DECIDED  n>=2  1 branch(es)  [1/105, 2/3, 45/22, 49/2, 363/7]
  line    43  DECIDED  n>=2  1 branch(es)  [1/105, 2/3, 675/22, 49/2, 33/7]
  line    44  DECIDED  n>=2  1 branch(es)  [1/105, 20/3, 3/22, 49/2, 2662/7]
  line    45  DECIDED  n>=2  1 branch(es)  [1/105, 20/3, 3/22, 49/2, 363/7]
  line    52  DECIDED  n>=2  1 branch(es)  [1/105, 20/3, 9/44, 49/2, 33/7]
  line    61  DECIDED  n>=2  1 branch(es)  [1/105, 27/110, 10/3, 35/2, 33/5]
  line    62  DECIDED  n>=2  1 branch(es)  [1/105, 27/110, 10/3, 49/2, 33/7]
  line    65  DECIDED  n>=2  1 branch(es)  [1/105, 3/22, 20/3, 49/2, 2662/7]
  line    66  DECIDED  n>=2  1 branch(es)  [1/105, 3/22, 20/3, 49/2, 363/7]
  line    72  DECIDED  n>=2  1 branch(es)  [1/105, 33/2, 4/15, 49/11, 375/7]
  line    74  DECIDED  n>=2  1 branch(es)  [1/105, 363/2, 4/15, 7/11, 375/7]
  line    75  DECIDED  n>=2  1 branch(es)  [1/105, 4/15, 33/2, 49/11, 375/7]
  line    76  DECIDED  n>=2  1 branch(es)  [1/105, 4/15, 363/2, 7/11, 375/7]
  line    81  DECIDED  n>=2  1 branch(es)  [1/105, 4/3, 15/22, 35/2, 363/5]
  line    83  DECIDED  n>=2  1 branch(es)  [1/105, 4/3, 15/22, 49/2, 363/7]
  line    87  DECIDED  n>=1  1 branch(es)  [1/105, 4/3, 45/44, 7/2, 363/7]
  line    89  DECIDED  n>=1  1 branch(es)  [1/105, 4/3, 75/22, 35/2, 363/5]
  line    91  DECIDED  n>=2  1 branch(es)  [1/105, 40/3, 15/22, 35/2, 33/5]
  line    92  DECIDED  n>=2  1 branch(es)  [1/105, 40/3, 15/22, 49/2, 33/7]
  line    98  DECIDED  n>=2  1 branch(es)  [1/105, 45/22, 2/3, 49/2, 363/7]
  line   102  DECIDED  n>=1  1 branch(es)  [1/105, 45/22, 4/5, 21/2, 605/3]
  line   105  DECIDED  n>=1  1 branch(es)  [1/105, 45/44, 4/3, 7/2, 363/7]
  line   118  DECIDED  n>=2  1 branch(es)  [1/105, 675/22, 2/3, 49/2, 33/7]
  line   119  DECIDED  n>=2  1 branch(es)  [1/105, 72/5, 5/22, 49/2, 55/7]
  line   121  DECIDED  n>=2  1 branch(es)  [1/105, 8/3, 75/22, 49/2, 33/7]
  line   137  DECIDED  n>=2  1 branch(es)  [1/105, 9/44, 20/3, 49/2, 33/7]
  line   144  DECIDED  n>=2  1 branch(es)  [1/1155, 15/2, 4/21, 11/3, 1029/5]
  line   147  DECIDED  n>=2  1 branch(es)  [1/1155, 4/15, 21/2, 11/3, 375/7]
  line   153  DECIDED  n>=1  1 branch(es)  [1/12, 125/2, 18/35, 11/5, 28/11]
  line   154  DECIDED  n>=1  1 branch(es)  [1/12, 125/2, 6/35, 11/5, 196/11]
  line   156  DECIDED  n>=1  1 branch(es)  [1/12, 175/2, 18/55, 7/5, 44/7]
  line   172  DECIDED  n>=1  1 branch(es)  [1/12, 25/2, 18/35, 121/5, 28/11]
  line   173  DECIDED  n>=1  1 branch(es)  [1/12, 25/2, 198/35, 11/5, 28/11]
  line   176  DECIDED  n>=1  1 branch(es)  [1/12, 25/2, 6/35, 11/5, 196/11]
  line   177  DECIDED  n>=1  1 branch(es)  [1/12, 25/2, 6/35, 121/5, 196/11]
  line   178  DECIDED  n>=1  1 branch(es)  [1/12, 25/2, 6/35, 363/5, 28/11]
  line   520  DECIDED  n>=1  2 branch(es)  [1/15, 12/77, 343/3, 25/49, 33/2]
  line   521  DECIDED  n>=1  1 branch(es)  [1/15, 12/77, 343/3, 5/49, 363/2]
  line   535  DECIDED  n>=0  1 branch(es)  [1/15, 1372/3, 3/539, 5/7, 363/2]
  line   536  DECIDED  n>=0  1 branch(es)  [1/15, 1372/3, 3/77, 25/49, 33/2]
  line   630  DECIDED  n>=0  1 branch(es)  [1/15, 18/539, 196/3, 5/7, 33/2]
  line   647  DECIDED  n>=0  1 branch(es)  [1/15, 196/3, 18/539, 5/7, 33/2]
  line   653  DECIDED  n>=0  1 branch(es)  [1/15, 196/3, 9/1078, 5/7, 33/2]
  line   656  DECIDED  n>=0  1 branch(es)  [1/15, 196/3, 9/539, 5/7, 33/2]
  line   765  DECIDED  n>=0  1 branch(es)  [1/15, 27/385, 70/3, 5/7, 363/2]
  line   769  DECIDED  n>=0  1 branch(es)  [1/15, 27/539, 98/3, 5/7, 99/2]
  line   846  DECIDED  n>=0  2 branch(es)  [1/15, 3/539, 1372/3, 5/7, 363/2]
  line   874  DECIDED  n>=1  2 branch(es)  [1/15, 3/77, 1372/3, 25/49, 33/2]
  line   895  DECIDED  n>=1  1 branch(es)  [1/15, 3/77, 686/3, 5/49, 363/2]
  line   897  DECIDED  n>=1  1 branch(es)  [1/15, 3/77, 686/3, 5/49, 9317/2]
  line   899  DECIDED  n>=1  2 branch(es)  [1/15, 3/77, 686/3, 50/49, 33/2]
  line   926  DECIDED  n>=0  1 branch(es)  [1/15, 343/3, 12/77, 25/49, 33/2]
  line   927  DECIDED  n>=0  1 branch(es)  [1/15, 343/3, 12/77, 5/49, 363/2]
  line   929  DECIDED  n>=0  1 branch(es)  [1/15, 343/3, 6/77, 5/49, 363/2]
  line   931  DECIDED  n>=0  1 branch(es)  [1/15, 343/3, 6/77, 50/49, 33/2]
  line   938  DECIDED  n>=0  1 branch(es)  [1/15, 36/539, 98/3, 5/7, 33/2]
  line  1064  DECIDED  n>=0  1 branch(es)  [1/15, 5/231, 588/5, 3/7, 605/2]
  line  1077  DECIDED  n>=2  1 branch(es)  [1/15, 54/77, 7/3, 5/49, 363/2]
  line  1109  DECIDED  n>=1  1 branch(es)  [1/15, 6/77, 343/3, 5/49, 363/2]
  line  1111  DECIDED  n>=1  2 branch(es)  [1/15, 6/77, 343/3, 50/49, 33/2]
  line  1117  DECIDED  n>=1  2 branch(es)  [1/15, 6/77, 686/3, 25/49, 33/2]
  line  1145  DECIDED  n>=0  1 branch(es)  [1/15, 686/3, 3/77, 5/49, 363/2]
  line  1147  DECIDED  n>=1  1 branch(es)  [1/15, 686/3, 3/77, 5/49, 9317/2]
  line  1149  DECIDED  n>=0  1 branch(es)  [1/15, 686/3, 3/77, 50/49, 33/2]
  line  1150  DECIDED  n>=0  1 branch(es)  [1/15, 686/3, 6/77, 25/49, 33/2]
  line  1172  DECIDED  n>=2  1 branch(es)  [1/15, 7/3, 54/77, 5/49, 363/2]
  line  1187  DECIDED  n>=0  1 branch(es)  [1/15, 70/3, 27/385, 5/7, 363/2]
  line  1238  DECIDED  n>=0  1 branch(es)  [1/15, 9/1078, 196/3, 5/7, 33/2]
  line  1270  DECIDED  n>=0  1 branch(es)  [1/15, 9/539, 196/3, 5/7, 33/2]
  line  1276  DECIDED  n>=0  1 branch(es)  [1/15, 9/539, 98/3, 5/7, 1089/2]
  line  1349  DECIDED  n>=0  1 branch(es)  [1/15, 98/3, 27/539, 5/7, 99/2]
  line  1361  DECIDED  n>=0  1 branch(es)  [1/15, 98/3, 36/539, 5/7, 33/2]
  line  1370  DECIDED  n>=0  1 branch(es)  [1/15, 98/3, 9/539, 5/7, 1089/2]
  line  1400  DECIDED  n>=0  1 branch(es)  [1/15, 980/3, 3/385, 5/7, 363/2]
    ... 1400/21233 scanned, 78 decided, 823s
  line  1583  DECIDED  n>=0  1 branch(es)  [1/210, 10/3, 9/55, 7/5, 6655/2]
  line  1596  DECIDED  n>=0  1 branch(es)  [1/210, 9/55, 10/3, 7/5, 6655/2]
  line  1627  DECIDED  n>=2  1 branch(es)  [1/30, 12/539, 49/2, 5/7, 242/5]
  line  1634  DECIDED  n>=2  1 branch(es)  [1/30, 12/77, 7/2, 25/7, 242/5]
  line  1641  DECIDED  n>=0  1 branch(es)  [1/30, 14/3, 27/77, 5/7, 1089/2]
  line  1644  DECIDED  n>=0  1 branch(es)  [1/30, 14/3, 9/77, 10/7, 1815/2]
  line  1648  DECIDED  n>=1  1 branch(es)  [1/30, 147/2, 2/77, 25/7, 242/5]
  line  1650  DECIDED  n>=1  1 branch(es)  [1/30, 147/2, 2/77, 25/7, 9317/5]
  line  1655  DECIDED  n>=1  1 branch(es)  [1/30, 147/2, 4/539, 25/7, 22/5]
  line  1659  DECIDED  n>=0  1 branch(es)  [1/30, 15/77, 49/3, 4/7, 363/2]
  line  1672  DECIDED  n>=1  1 branch(es)  [1/30, 2/77, 147/2, 25/7, 242/5]
  line  1674  DECIDED  n>=1  1 branch(es)  [1/30, 2/77, 147/2, 25/7, 9317/5]
  line  1676  DECIDED  n>=2  1 branch(es)  [1/30, 2/77, 3087/2, 25/7, 22/5]
  line  1684  DECIDED  n>=2  1 branch(es)  [1/30, 21/2, 4/231, 5/7, 242/15]
  line  1686  DECIDED  n>=2  1 branch(es)  [1/30, 21/2, 4/77, 25/21, 242/5]
  line  1687  DECIDED  n>=2  1 branch(es)  [1/30, 21/2, 4/77, 25/7, 242/15]
  line  1690  DECIDED  n>=1  1 branch(es)  [1/30, 21/2, 4/77, 625/7, 22/5]
  line  1698  DECIDED  n>=0  1 branch(es)  [1/30, 245/3, 3/77, 4/7, 363/2]
  line  1700  DECIDED  n>=0  1 branch(es)  [1/30, 245/3, 3/77, 4/7, 9317/2]
    ... 1700/21233 scanned, 97 decided, 1017s
  line  1702  DECIDED  n>=0  1 branch(es)  [1/30, 245/3, 9/539, 4/7, 33/2]
  line  1705  DECIDED  n>=0  1 branch(es)  [1/30, 27/154, 28/3, 5/7, 33/2]
  line  1709  DECIDED  n>=0  1 branch(es)  [1/30, 27/77, 14/3, 50/7, 33/2]
  line  1710  DECIDED  n>=1  1 branch(es)  [1/30, 27/77, 28/3, 5/7, 165/2]
  line  1711  DECIDED  n>=0  1 branch(es)  [1/30, 28/3, 27/154, 5/7, 33/2]
  line  1712  DECIDED  n>=1  1 branch(es)  [1/30, 28/3, 27/77, 5/7, 165/2]
  line  1725  DECIDED  n>=0  1 branch(es)  [1/30, 3/77, 245/3, 4/7, 363/2]
  line  1727  DECIDED  n>=0  1 branch(es)  [1/30, 3/77, 245/3, 4/7, 9317/2]
  line  1729  DECIDED  n>=0  1 branch(es)  [1/30, 3087/2, 2/77, 25/7, 22/5]
  line  1730  DECIDED  n>=0  1 branch(es)  [1/30, 3087/5, 5/77, 4/7, 55/2]
  line  1738  DECIDED  n>=0  1 branch(es)  [1/30, 35/3, 9/77, 16/7, 33/2]
  line  1739  DECIDED  n>=0  1 branch(es)  [1/30, 35/3, 9/77, 4/35, 363/2]
  line  1746  DECIDED  n>=2  1 branch(es)  [1/30, 4/231, 21/2, 5/7, 242/15]
  line  1748  DECIDED  n>=1  1 branch(es)  [1/30, 4/539, 147/2, 25/7, 22/5]
  line  1751  DECIDED  n>=2  1 branch(es)  [1/30, 4/77, 21/2, 25/21, 242/5]
  line  1752  DECIDED  n>=2  1 branch(es)  [1/30, 4/77, 21/2, 25/7, 242/15]
  line  1755  DECIDED  n>=1  1 branch(es)  [1/30, 4/77, 21/2, 625/7, 22/5]
  line  1761  DECIDED  n>=1  1 branch(es)  [1/30, 4/77, 63/2, 75/7, 22/3]
  line  1767  DECIDED  n>=0  1 branch(es)  [1/30, 45/539, 49/3, 2/7, 363/2]
  line  1772  DECIDED  n>=0  1 branch(es)  [1/30, 45/77, 7/3, 4/7, 363/2]
  line  1776  DECIDED  n>=2  1 branch(es)  [1/30, 49/2, 12/539, 5/7, 242/5]
  line  1778  DECIDED  n>=1  1 branch(es)  [1/30, 49/2, 6/77, 25/7, 242/5]
  line  1783  DECIDED  n>=0  1 branch(es)  [1/30, 49/3, 15/77, 4/7, 363/2]
  line  1788  DECIDED  n>=0  1 branch(es)  [1/30, 49/3, 45/539, 2/7, 363/2]
  line  1802  DECIDED  n>=1  1 branch(es)  [1/30, 6/77, 49/2, 25/7, 242/5]
  line  1813  DECIDED  n>=1  1 branch(es)  [1/30, 63/2, 4/77, 75/7, 22/3]
  line  1818  DECIDED  n>=0  1 branch(es)  [1/30, 675/77, 7/3, 4/7, 33/2]
  line  1819  DECIDED  n>=0  1 branch(es)  [1/30, 686/3, 9/77, 10/7, 33/2]
  line  1823  DECIDED  n>=2  1 branch(es)  [1/30, 7/2, 12/77, 25/7, 242/5]
  line  1826  DECIDED  n>=2  1 branch(es)  [1/30, 7/2, 72/77, 25/7, 22/5]
  line  1829  DECIDED  n>=0  1 branch(es)  [1/30, 7/3, 45/77, 4/7, 363/2]
  line  1832  DECIDED  n>=0  1 branch(es)  [1/30, 7/3, 675/77, 4/7, 33/2]
  line  1835  DECIDED  n>=2  1 branch(es)  [1/30, 72/77, 7/2, 25/7, 22/5]
  line  1843  DECIDED  n>=0  1 branch(es)  [1/30, 9/539, 245/3, 4/7, 33/2]
  line  1845  DECIDED  n>=0  1 branch(es)  [1/30, 9/77, 14/3, 10/7, 1815/2]
  line  1855  DECIDED  n>=0  1 branch(es)  [1/30, 9/77, 35/3, 16/7, 33/2]
  line  1856  DECIDED  n>=0  1 branch(es)  [1/30, 9/77, 35/3, 4/35, 363/2]
  line  1857  DECIDED  n>=1  2 branch(es)  [1/30, 9/77, 686/3, 10/7, 33/2]
  line  1881  DECIDED  n>=3  1 branch(es)  [1/315, 175/22, 4/5, 3/2, 605/3]
  line  1891  DECIDED  n>=2  1 branch(es)  [1/315, 25/22, 6/5, 21/2, 605/3]
  line  1900  DECIDED  n>=3  1 branch(es)  [1/315, 4/5, 175/22, 3/2, 605/3]
    ... 1900/21233 scanned, 138 decided, 1409s
  line  1915  DECIDED  n>=2  1 branch(es)  [1/315, 6/5, 25/22, 21/2, 605/3]
  line  2070  DECIDED  n>=0  1 branch(es)  [1/45, 125/539, 98/5, 3/7, 55/2]
  line  2235  DECIDED  n>=0  1 branch(es)  [1/45, 25/539, 98/5, 3/7, 605/2]
  line  2271  DECIDED  n>=1  1 branch(es)  [1/45, 28/3, 75/22, 7/2, 99/7]
  line  2287  DECIDED  n>=0  1 branch(es)  [1/45, 343/3, 15/77, 2/7, 1089/2]
  line  2288  DECIDED  n>=0  1 branch(es)  [1/45, 343/3, 75/77, 2/7, 99/2]
  line  2344  DECIDED  n>=1  1 branch(es)  [1/45, 4/3, 15/14, 11/2, 441/11]
  line  2345  DECIDED  n>=1  1 branch(es)  [1/45, 4/3, 15/14, 121/2, 441/11]
  line  2346  DECIDED  n>=1  1 branch(es)  [1/45, 4/3, 15/14, 605/2, 63/11]
  line  2347  DECIDED  n>=1  1 branch(es)  [1/45, 4/3, 75/14, 121/2, 63/11]
  line  2348  DECIDED  n>=1  1 branch(es)  [1/45, 4/3, 825/14, 11/2, 63/11]
  line  2375  DECIDED  n>=0  1 branch(es)  [1/45, 49/3, 15/77, 2/7, 1089/2]
  line  2377  DECIDED  n>=0  1 branch(es)  [1/45, 49/3, 15/77, 20/7, 99/2]
  line  2378  DECIDED  n>=0  1 branch(es)  [1/45, 49/3, 15/77, 4/7, 1089/2]
  line  2379  DECIDED  n>=0  1 branch(es)  [1/45, 49/3, 150/77, 2/7, 99/2]
  line  2380  DECIDED  n>=0  1 branch(es)  [1/45, 49/3, 75/77, 4/7, 99/2]
  line  2473  DECIDED  n>=1  1 branch(es)  [1/45, 8/3, 15/14, 11/2, 441/11]
  line  2474  DECIDED  n>=1  1 branch(es)  [1/45, 8/3, 75/14, 11/2, 63/11]
  line  2497  DECIDED  n>=0  1 branch(es)  [1/45, 98/3, 75/77, 2/7, 99/2]
  line  2500  DECIDED  n>=0  1 branch(es)  [1/45, 98/5, 125/539, 3/7, 55/2]
    ... 2500/21233 scanned, 158 decided, 1688s
  line  2504  DECIDED  n>=0  1 branch(es)  [1/45, 98/5, 25/539, 3/7, 605/2]
  line  2598  DECIDED  n>=1  1 branch(es)  [1/6, 125/2, 22/35, 99/25, 14/11]
  line  2686  DECIDED  n>=2  2 branch(es)  [1/6, 2/35, 1375/2, 3/25, 1715/11]
  line  2688  DECIDED  n>=2  2 branch(es)  [1/6, 2/35, 1375/2, 3/25, 98/11]
  line  2690  DECIDED  n>=2  2 branch(es)  [1/6, 2/35, 1375/2, 99/25, 14/11]
  line  2691  DECIDED  n>=2  2 branch(es)  [1/6, 2/35, 15125/2, 9/25, 14/11]
  line  2692  DECIDED  n>=2  2 branch(es)  [1/6, 2/35, 15125/2, 9/55, 14/3]
  line  2706  DECIDED  n>=2  1 branch(es)  [1/6, 2/35, 275/2, 81/55, 14/3]
  line  2707  DECIDED  n>=2  1 branch(es)  [1/6, 2/35, 275/2, 9/55, 1715/3]
  line  2709  DECIDED  n>=2  1 branch(es)  [1/6, 2/35, 275/2, 9/55, 98/3]
  line  2738  DECIDED  n>=2  2 branch(es)  [1/6, 22/35, 125/2, 99/25, 14/11]
  line  2741  DECIDED  n>=2  2 branch(es)  [1/6, 22/35, 1375/2, 9/25, 14/11]
  line  2805  DECIDED  n>=1  2 branch(es)  [1/6, 3/35, 15125/3, 4/55, 21/2]
  line  2810  DECIDED  n>=1  1 branch(es)  [1/6, 3/35, 275/3, 16/55, 21/2]
  line  2822  DECIDED  n>=0  1 branch(es)  [1/6, 3/35, 275/3, 4/55, 147/2]
  line  2823  DECIDED  n>=1  1 branch(es)  [1/6, 3/35, 275/3, 4/55, 1715/2]
  line  2880  DECIDED  n>=1  1 branch(es)  [1/6, 35/2, 4/55, 3/5, 29282/21]
  line  2976  DECIDED  n>=1  1 branch(es)  [1/6, 4/35, 55/2, 3/5, 4802/33]
  line  3044  DECIDED  n>=1  1 branch(es)  [1/6, 6125/2, 2/55, 9/25, 22/7]
  line  3089  DECIDED  n>=1  1 branch(es)  [1/6, 875/2, 14/55, 9/25, 22/7]
  line  3090  DECIDED  n>=2  1 branch(es)  [1/6, 875/2, 2/55, 3/25, 242/7]
  line  3092  DECIDED  n>=2  1 branch(es)  [1/6, 875/2, 2/55, 3/25, 6655/7]
  line  3093  DECIDED  n>=1  1 branch(es)  [1/6, 875/2, 2/55, 63/25, 22/7]
  line  3122  DECIDED  n>=1  1 branch(es)  [1/60, 14/3, 27/77, 10/7, 33/2]
  line  3124  DECIDED  n>=0  1 branch(es)  [1/60, 14/3, 9/77, 10/7, 363/2]
  line  3131  DECIDED  n>=0  1 branch(es)  [1/60, 27/77, 28/3, 5/7, 33/2]
  line  3132  DECIDED  n>=0  1 branch(es)  [1/60, 28/3, 27/77, 5/7, 33/2]
  line  3137  DECIDED  n>=2  1 branch(es)  [1/60, 4/77, 21/2, 5/7, 484/3]
  line  3138  DECIDED  n>=2  1 branch(es)  [1/60, 4/77, 21/2, 5/7, 9317/3]
  line  3139  DECIDED  n>=2  1 branch(es)  [1/60, 45/77, 49/3, 2/7, 363/2]
  line  3140  DECIDED  n>=2  1 branch(es)  [1/60, 49/3, 45/77, 2/7, 363/2]
  line  3143  DECIDED  n>=0  1 branch(es)  [1/60, 9/77, 14/3, 10/7, 363/2]
  line  3423  DECIDED  n>=0  1 branch(es)  [1/90, 14/3, 9/77, 5/7, 3993/2]
  line  3430  DECIDED  n>=2  1 branch(es)  [1/90, 20/77, 49/2, 3/7, 242/3]
  line  3431  DECIDED  n>=2  1 branch(es)  [1/90, 21/2, 4/77, 15/7, 242/3]
  line  3446  DECIDED  n>=2  1 branch(es)  [1/90, 4/77, 21/2, 15/7, 242/3]
  line  3448  DECIDED  n>=2  1 branch(es)  [1/90, 49/2, 20/77, 3/7, 242/3]
  line  3454  DECIDED  n>=2  1 branch(es)  [1/90, 63/2, 8/77, 5/7, 22/3]
  line  3460  DECIDED  n>=2  1 branch(es)  [1/90, 8/77, 63/2, 5/7, 22/3]
  line  3462  DECIDED  n>=0  1 branch(es)  [1/90, 9/77, 14/3, 5/7, 3993/2]
  line  3510  DECIDED  n>=0  1 branch(es)  [10/3, 27/175, 121/4, 1/55, 21/2]
  line  3565  DECIDED  n>=0  1 branch(es)  [100/63, 1/55, 18/5, 11/3, 35/2]
  line  3652  DECIDED  n>=3  1 branch(es)  [108/35, 5/33, 7/3, 11/49, 15/2]
  line  3655  DECIDED  n>=3  2 branch(es)  [108/35, 5/66, 49/2, 11/3, 5/7]
  line  3666  DECIDED  n>=0  1 branch(es)  [11/105, 1/33, 300/11, 3/5, 539/2]
  line  3681  DECIDED  n>=2  1 branch(es)  [11/105, 10/3, 9/22, 2401/2, 3/7]
  line  3682  DECIDED  n>=2  1 branch(es)  [11/105, 10/3, 9/22, 343/2, 22/7]
  line  3684  DECIDED  n>=2  1 branch(es)  [11/105, 10/3, 9/22, 343/2, 9/7]
  line  3692  DECIDED  n>=1  1 branch(es)  [11/105, 15/22, 20/3, 35/2, 33/5]
  line  3695  DECIDED  n>=2  1 branch(es)  [11/105, 15/22, 4/3, 35/2, 33/5]
  line  3699  DECIDED  n>=2  1 branch(es)  [11/105, 15/22, 4/3, 49/2, 33/7]
  line  3706  DECIDED  n>=1  1 branch(es)  [11/105, 2/3, 225/22, 35/2, 33/5]
  line  3707  DECIDED  n>=2  1 branch(es)  [11/105, 2/3, 45/22, 343/2, 22/7]
  line  3708  DECIDED  n>=2  1 branch(es)  [11/105, 2/3, 45/22, 343/2, 33/7]
  line  3709  DECIDED  n>=2  1 branch(es)  [11/105, 2/3, 45/22, 49/2, 33/7]
  line  3714  DECIDED  n>=1  1 branch(es)  [11/105, 20/3, 15/22, 35/2, 33/5]
  line  3718  DECIDED  n>=2  1 branch(es)  [11/105, 20/3, 3/22, 49/2, 242/7]
  line  3719  DECIDED  n>=2  1 branch(es)  [11/105, 20/3, 3/22, 49/2, 33/7]
  line  3728  DECIDED  n>=2  1 branch(es)  [11/105, 20/3, 9/44, 49/2, 3/7]
  line  3729  DECIDED  n>=1  1 branch(es)  [11/105, 225/22, 2/3, 35/2, 33/5]
  line  3749  DECIDED  n>=2  1 branch(es)  [11/105, 3/22, 20/3, 49/2, 242/7]
  line  3750  DECIDED  n>=2  1 branch(es)  [11/105, 3/22, 20/3, 49/2, 33/7]
  line  3763  DECIDED  n>=2  1 branch(es)  [11/105, 4/3, 15/22, 35/2, 33/5]
  line  3767  DECIDED  n>=2  1 branch(es)  [11/105, 4/3, 15/22, 49/2, 33/7]
  line  3771  DECIDED  n>=2  1 branch(es)  [11/105, 4/3, 45/44, 7/2, 33/7]
  line  3773  DECIDED  n>=1  1 branch(es)  [11/105, 4/3, 75/22, 35/2, 33/5]
  line  3776  DECIDED  n>=2  1 branch(es)  [11/105, 40/3, 15/22, 49/2, 3/7]
  line  3777  DECIDED  n>=2  1 branch(es)  [11/105, 45/22, 2/3, 343/2, 22/7]
  line  3778  DECIDED  n>=2  1 branch(es)  [11/105, 45/22, 2/3, 343/2, 33/7]
  line  3779  DECIDED  n>=2  1 branch(es)  [11/105, 45/22, 2/3, 49/2, 33/7]
  line  3784  DECIDED  n>=1  1 branch(es)  [11/105, 45/22, 4/5, 21/2, 55/3]
  line  3786  DECIDED  n>=2  1 branch(es)  [11/105, 45/44, 4/3, 7/2, 33/7]
  line  3791  DECIDED  n>=2  1 branch(es)  [11/105, 72/5, 5/22, 49/2, 5/7]
  line  3795  DECIDED  n>=2  1 branch(es)  [11/105, 9/22, 10/3, 2401/2, 3/7]
  line  3796  DECIDED  n>=2  1 branch(es)  [11/105, 9/22, 10/3, 343/2, 22/7]
  line  3798  DECIDED  n>=2  1 branch(es)  [11/105, 9/22, 10/3, 343/2, 9/7]
  line  3802  DECIDED  n>=2  1 branch(es)  [11/105, 9/44, 20/3, 49/2, 3/7]
  line  3809  DECIDED  n>=0  1 branch(es)  [11/210, 10/3, 9/55, 7/5, 605/2]
  line  3832  DECIDED  n>=1  1 branch(es)  [11/210, 9/22, 50/11, 14/5, 11/2]
  line  3833  DECIDED  n>=0  1 branch(es)  [11/210, 9/55, 10/3, 7/5, 605/2]
  line  3838  DECIDED  n>=3  1 branch(es)  [11/315, 175/22, 4/5, 3/2, 55/3]
  line  3844  DECIDED  n>=2  1 branch(es)  [11/315, 25/22, 6/5, 21/2, 55/3]
  line  3852  DECIDED  n>=3  1 branch(es)  [11/315, 4/5, 175/22, 3/2, 55/3]
  line  3859  DECIDED  n>=2  1 branch(es)  [11/315, 6/5, 25/22, 21/2, 55/3]
  line  3871  DECIDED  n>=2  1 branch(es)  [112/15, 21/22, 25/2, 11/7, 3/5]
  line  3873  DECIDED  n>=3  1 branch(es)  [112/15, 21/22, 5/2, 11/7, 6/5]
  line  3905  DECIDED  n>=0  1 branch(es)  [135/2, 2/21, 275/3, 7/275, 3/5]
  line  3920  DECIDED  n>=1  1 branch(es)  [135/2, 4/105, 11/5, 49/33, 5/7]
  line  3924  DECIDED  n>=1  1 branch(es)  [135/2, 4/105, 121/5, 7/33, 5/7]
  line  3926  DECIDED  n>=2  1 branch(es)  [135/2, 4/231, 7/3, 11/35, 15/7]
  line  3929  DECIDED  n>=0  1 branch(es)  [135/2, 4/35, 11/45, 49/11, 5/3]
  line  3935  DECIDED  n>=0  1 branch(es)  [135/2, 4/35, 11/5, 49/99, 5/3]
  line  3938  DECIDED  n>=0  1 branch(es)  [135/2, 4/35, 121/45, 7/11, 5/3]
  line  3941  DECIDED  n>=1  1 branch(es)  [135/2, 44/105, 11/5, 7/33, 5/3]
  line  3947  DECIDED  n>=1  1 branch(es)  [135/2, 8/35, 11/45, 7/11, 5/3]
  line  3948  DECIDED  n>=1  1 branch(es)  [135/2, 8/35, 11/5, 7/99, 5/3]
  line  3959  DECIDED  n>=1  1 branch(es)  [14/15, 1/154, 9/2, 121/3, 50/11]
  line  3984  DECIDED  n>=2  2 branch(es)  [14/15, 1/22, 189/2, 121/9, 10/7]
  line  3985  DECIDED  n>=2  2 branch(es)  [14/15, 1/22, 27/2, 847/9, 10/7]
  line  4037  DECIDED  n>=0  1 branch(es)  [14/15, 1/3, 11319/2, 25/539, 3/7]
  line  4135  DECIDED  n>=1  1 branch(es)  [14/15, 1/77, 27/7, 11/9, 175/2]
  line  4137  DECIDED  n>=1  2 branch(es)  [14/15, 1/77, 27/7, 242/9, 35/2]
  line  4151  DECIDED  n>=1  2 branch(es)  [14/15, 1/77, 54/7, 121/9, 35/2]
  line  4195  DECIDED  n>=0  1 branch(es)  [14/15, 11319/2, 1/3, 25/539, 3/7]
  line  4217  DECIDED  n>=1  1 branch(es)  [14/15, 135/49, 1/6, 25/2, 14/5]
  line  4218  DECIDED  n>=0  1 branch(es)  [14/15, 135/49, 1/6, 25/2, 6/5]
  line  4266  DECIDED  n>=2  1 branch(es)  [14/15, 27/77, 25/7, 11/25, 21/2]
  line  4271  DECIDED  n>=1  1 branch(es)  [14/15, 3/154, 100/7, 11/5, 21/2]
  line  4273  DECIDED  n>=1  1 branch(es)  [14/15, 3/154, 175/2, 77/5, 6/7]
  line  4275  DECIDED  n>=1  1 branch(es)  [14/15, 3/154, 25/2, 121/5, 6/11]
  line  4284  DECIDED  n>=2  2 branch(es)  [14/15, 3/22, 125/2, 847/25, 2/7]
  line  4301  DECIDED  n>=2  2 branch(es)  [14/15, 3/22, 875/2, 11/25, 6/7]
  line  4302  DECIDED  n>=2  2 branch(es)  [14/15, 3/22, 875/2, 121/25, 2/7]
  line  4312  DECIDED  n>=1  2 branch(es)  [14/15, 3/77, 125/7, 11/25, 21/2]
  line  4313  DECIDED  n>=1  2 branch(es)  [14/15, 3/77, 125/7, 11/25, 539/2]
  line  4315  DECIDED  n>=2  2 branch(es)  [14/15, 3/77, 125/7, 242/25, 7/2]
  line  4316  DECIDED  n>=1  1 branch(es)  [14/15, 3/77, 25/7, 11/25, 189/2]
  line  4320  DECIDED  n>=1  1 branch(es)  [14/15, 3/77, 25/7, 121/25, 21/2]
  line  4321  DECIDED  n>=1  1 branch(es)  [14/15, 3/77, 25/7, 121/25, 539/2]
  line  4322  DECIDED  n>=1  1 branch(es)  [14/15, 3/77, 25/7, 242/25, 21/2]
  line  4323  DECIDED  n>=1  2 branch(es)  [14/15, 3/77, 250/7, 11/25, 21/2]
  line  4324  DECIDED  n>=2  2 branch(es)  [14/15, 3/77, 250/7, 121/25, 7/2]
  line  4329  DECIDED  n>=1  1 branch(es)  [14/15, 3/77, 50/7, 121/25, 21/2]
  line  4426  DECIDED  n>=1  1 branch(es)  [14/15, 9/154, 25/2, 77/5, 4/7]
  line  4427  DECIDED  n>=1  1 branch(es)  [14/15, 9/154, 25/7, 22/5, 49/2]
  line  4434  DECIDED  n>=2  2 branch(es)  [14/15, 9/22, 125/2, 11/7, 14/25]
  line  4436  DECIDED  n>=1  1 branch(es)  [14/15, 9/22, 125/2, 11/7, 154/5]
  line  4438  DECIDED  n>=1  2 branch(es)  [14/15, 9/22, 125/2, 11/7, 22/25]
  line  4440  DECIDED  n>=0  2 branch(es)  [14/15, 9/22, 125/2, 11/7, 242/5]
  line  4443  DECIDED  n>=2  2 branch(es)  [14/15, 9/22, 125/2, 11/7, 3/5, 1/11]
  line  4444  DECIDED  n>=2  2 branch(es)  [14/15, 9/22, 125/2, 11/7, 3/5, 1/3]
  line  4445  DECIDED  n>=2  2 branch(es)  [14/15, 9/22, 125/2, 11/7, 3/5]
  line  4450  DECIDED  n>=1  1 branch(es)  [14/15, 9/22, 125/2, 11/7, 63/5]
  line  4452  DECIDED  n>=1  2 branch(es)  [14/15, 9/22, 125/2, 11/7, 9/25]
  line  4454  DECIDED  n>=2  2 branch(es)  [14/15, 9/22, 125/2, 11/7, 98/5]
  line  4455  DECIDED  n>=0  2 branch(es)  [14/15, 9/22, 125/2, 11/7, 99/5]
  line  4468  DECIDED  n>=2  2 branch(es)  [14/15, 9/22, 25/2, 11/49, 22/5]
  line  4471  DECIDED  n>=3  2 branch(es)  [14/15, 9/22, 25/2, 11/49, 9/5]
  line  4474  DECIDED  n>=2  1 branch(es)  [14/15, 9/22, 3125/2, 11/7, 3/5]
  line  4479  DECIDED  n>=2  1 branch(es)  [14/15, 9/22, 625/2, 11/7, 14/5]
  line  4481  DECIDED  n>=1  1 branch(es)  [14/15, 9/22, 625/2, 11/7, 22/5]
  line  4483  DECIDED  n>=2  1 branch(es)  [14/15, 9/22, 625/2, 11/7, 3/5]
  line  4484  DECIDED  n>=3  2 branch(es)  [14/15, 9/22, 625/2, 11/7, 33/5]
  line  4485  DECIDED  n>=2  1 branch(es)  [14/15, 9/22, 625/2, 11/7, 6/5]
  line  4486  DECIDED  n>=1  1 branch(es)  [14/15, 9/22, 625/2, 11/7, 9/5]
  line  4488  DECIDED  n>=2  2 branch(es)  [14/15, 9/22, 875/2, 11/25, 2/7]
  line  4493  DECIDED  n>=2  2 branch(es)  [14/15, 9/242, 125/2, 121/7, 3/5]
  line  4497  DECIDED  n>=2  2 branch(es)  [14/15, 9/242, 25/2, 11/7, 242/5]
  line  4499  DECIDED  n>=3  2 branch(es)  [14/15, 9/242, 25/2, 11/7, 9/5]
  line  4518  DECIDED  n>=2  2 branch(es)  [14/15, 9/77, 250/7, 11/25, 7/2]
  line  4548  DECIDED  n>=0  1 branch(es)  [140/3, 9/385, 7/5, 11/14, 33/2]
  line  4552  DECIDED  n>=1  1 branch(es)  [140/3, 9/55, 2/25, 11/28, 3/2]
  line  4578  DECIDED  n>=2  1 branch(es)  [15/2, 1/1155, 4/21, 11/3, 1029/5]
  line  4605  DECIDED  n>=2  1 branch(es)  [15/2, 1/231, 4/21, 121/5, 1029/11]
  line  4878  DECIDED  n>=3  2 branch(es)  [175/18, 12/77, 121/2, 3/5, 7/11]
  line  4880  DECIDED  n>=1  1 branch(es)  [175/18, 121/2, 2/55, 9/7, 14/11]
  line  4899  DECIDED  n>=3  2 branch(es)  [175/18, 2/55, 847/2, 3/7, 25/11]
  line  4900  DECIDED  n>=3  2 branch(es)  [175/18, 2/55, 847/2, 3/7, 6/11]
    ... 4900/21233 scanned, 316 decided, 3824s
  line  4922  DECIDED  n>=2  1 branch(es)  [175/18, 4/77, 363/2, 3/5, 2/11]
  line  4923  DECIDED  n>=1  1 branch(es)  [175/18, 4/77, 363/2, 3/5, 7/11]
  line  4924  DECIDED  n>=2  1 branch(es)  [175/18, 4/77, 363/2, 3/5, 7/3]
  line  4928  DECIDED  n>=3  2 branch(es)  [175/18, 55/2, 8/77, 3/5, 7/3]
  line  4934  DECIDED  n>=3  2 branch(es)  [175/18, 8/77, 55/2, 3/5, 7/3]
  line  4935  DECIDED  n>=2  1 branch(es)  [175/18, 847/2, 2/55, 3/7, 14/11]
  line  4936  DECIDED  n>=2  1 branch(es)  [175/18, 847/2, 2/55, 3/7, 25/11]
  line  4937  DECIDED  n>=1  1 branch(es)  [175/18, 847/2, 2/55, 3/7, 6/11]
  line  4976  DECIDED  n>=2  2 branch(es)  [18/35, 25/22, 343/2, 11/9, 5/7]
  line  4977  DECIDED  n>=2  2 branch(es)  [18/35, 25/242, 343/2, 11/3, 5/7]
  line  4986  DECIDED  n>=1  1 branch(es)  [18/35, 25/66, 14/3, 11/7, 9/2]
  line  4987  DECIDED  n>=1  1 branch(es)  [18/35, 25/66, 7/3, 22/7, 9/2]
  line  4999  DECIDED  n>=3  1 branch(es)  [18/35, 5/33, 49/3, 11/343, 15/2]
  line  5001  DECIDED  n>=2  1 branch(es)  [18/35, 5/33, 49/3, 121/2, 45/11]
  line  5020  DECIDED  n>=1  1 branch(es)  [18/35, 5/66, 14/3, 121/7, 35/2]
  line  5021  DECIDED  n>=1  1 branch(es)  [18/35, 5/66, 147/2, 11/7, 10/3]
  line  5074  DECIDED  n>=0  1 branch(es)  [189/10, 121/2, 2/33, 25/7, 10/11]
  line  5109  DECIDED  n>=0  1 branch(es)  [189/10, 2/33, 121/2, 25/7, 10/11]
  line  5138  DECIDED  n>=0  1 branch(es)  [189/10, 35/33, 2/3, 11/7, 105/2]
  line  5139  DECIDED  n>=2  1 branch(es)  [189/10, 35/33, 2/3, 11/7, 15/2]
  line  5140  DECIDED  n>=2  1 branch(es)  [189/10, 35/33, 2/3, 11/7, 45/2]
  line  5141  DECIDED  n>=1  1 branch(es)  [189/10, 35/33, 2/3, 11/7, 63/2]
  line  5142  DECIDED  n>=3  1 branch(es)  [189/10, 35/33, 2/3, 11/7, 75/2]
  line  5143  DECIDED  n>=0  1 branch(es)  [189/10, 35/33, 2/3, 11/7, 99/2]
  line  5146  DECIDED  n>=2  1 branch(es)  [189/10, 35/33, 4/3, 11/7, 15/2]
  line  5147  DECIDED  n>=1  1 branch(es)  [189/10, 35/33, 4/3, 11/7, 21/2]
  line  5171  DECIDED  n>=1  1 branch(es)  [189/10, 5/33, 2/3, 121/7, 105/2]
  line  5172  DECIDED  n>=1  1 branch(es)  [189/10, 5/33, 2/3, 121/7, 63/2]
  line  5175  DECIDED  n>=3  1 branch(es)  [189/10, 5/33, 4/3, 121/7, 21/2]
  line  5176  DECIDED  n>=1  1 branch(es)  [189/10, 5/99, 2/3, 11/7, 63/2]
  line  5224  DECIDED  n>=3  2 branch(es)  [2/105, 225/22, 147/2, 11/3, 2/7]
  line  5229  DECIDED  n>=2  2 branch(es)  [2/105, 27/2, 275/3, 7/55, 33/5]
  line  5230  DECIDED  n>=2  1 branch(es)  [2/105, 3/22, 175/2, 847/5, 4/7]
  line  5234  DECIDED  n>=2  1 branch(es)  [2/105, 3/22, 25/2, 77/5, 24/11]
  line  5243  DECIDED  n>=1  2 branch(es)  [2/105, 55/3, 675/2, 7/55, 3/5]
  line  5245  DECIDED  n>=1  1 branch(es)  [2/105, 675/2, 11/5, 49/33, 5/7]
  line  5250  DECIDED  n>=3  2 branch(es)  [2/105, 99/10, 2695/2, 5/11, 2/7]
  line  5251  DECIDED  n>=3  2 branch(es)  [2/105, 99/10, 5929/2, 5/11, 2/7]
  line  5255  DECIDED  n>=2  2 branch(es)  [2/105, 99/5, 125/2, 7/33, 55/3]
  line  5258  DECIDED  n>=1  1 branch(es)  [2/1155, 9/10, 245/2, 55/7, 2/5]
  line  5279  DECIDED  n>=2  2 branch(es)  [2/15, 1/14, 297/2, 539/9, 10/11]
  line  5281  DECIDED  n>=2  2 branch(es)  [2/15, 1/14, 297/2, 7/9, 375/11]
  line  5282  DECIDED  n>=2  2 branch(es)  [2/15, 1/14, 297/2, 7/9, 50/11]
  line  5283  DECIDED  n>=2  2 branch(es)  [2/15, 1/14, 3267/2, 49/33, 10/7]
  line  5284  DECIDED  n>=2  2 branch(es)  [2/15, 1/14, 3267/2, 49/9, 10/11]
  line  5304  DECIDED  n>=2  1 branch(es)  [2/15, 1/14, 99/2, 2401/33, 10/7]
  line  5306  DECIDED  n>=2  1 branch(es)  [2/15, 1/14, 99/2, 49/33, 375/7]
  line  5307  DECIDED  n>=2  1 branch(es)  [2/15, 1/14, 99/2, 49/33, 50/7]
  line  5325  DECIDED  n>=2  1 branch(es)  [2/15, 1/154, 1323/2, 121/3, 10/11]
  line  5330  DECIDED  n>=1  1 branch(es)  [2/15, 1/154, 63/2, 121/3, 375/11]
  line  5331  DECIDED  n>=1  1 branch(es)  [2/15, 1/154, 63/2, 121/3, 50/11]
  line  5352  DECIDED  n>=0  1 branch(es)  [2/15, 1/3, 11319/2, 25/539, 3/7]
  line  5353  DECIDED  n>=1  1 branch(es)  [2/15, 1/3, 11319/2, 25/539, 9/7]
  line  5363  DECIDED  n>=2  1 branch(es)  [2/15, 1/3, 33957/2, 25/539, 3/7]
  line  5367  DECIDED  n>=0  1 branch(es)  [2/15, 1/3, 79233/2, 25/539, 3/7]
  line  5438  DECIDED  n>=0  1 branch(es)  [2/15, 11319/2, 1/3, 25/539, 3/7]
  line  5439  DECIDED  n>=1  1 branch(es)  [2/15, 11319/2, 1/3, 25/539, 9/7]
  line  5449  DECIDED  n>=1  2 branch(es)  [2/15, 1323/22, 25/2, 11/7, 22/5]
  line  5458  DECIDED  n>=1  2 branch(es)  [2/15, 189/2, 539/3, 5/539, 3/7]
  line  5468  DECIDED  n>=2  1 branch(es)  [2/15, 27/14, 275/2, 7/5, 4/77]
  line  5483  DECIDED  n>=1  2 branch(es)  [2/15, 297/14, 25/2, 49/11, 14/5]
  line  5504  DECIDED  n>=2  2 branch(es)  [2/15, 3/14, 1375/2, 49/25, 4/11]
  line  5505  DECIDED  n>=2  2 branch(es)  [2/15, 3/14, 1375/2, 539/25, 2/11]
  line  5507  DECIDED  n>=2  2 branch(es)  [2/15, 3/14, 1375/2, 7/25, 28/11]
  line  5508  DECIDED  n>=2  2 branch(es)  [2/15, 3/14, 1375/2, 7/25, 45/11]
  line  5509  DECIDED  n>=2  2 branch(es)  [2/15, 3/14, 1375/2, 7/25, 6/11]
  line  5513  DECIDED  n>=2  2 branch(es)  [2/15, 3/14, 15125/2, 49/25, 2/11]
  line  5514  DECIDED  n>=2  2 branch(es)  [2/15, 3/14, 15125/2, 49/55, 2/7]
  line  5517  DECIDED  n>=2  1 branch(es)  [2/15, 3/14, 275/2, 2401/55, 2/7]
  line  5518  DECIDED  n>=2  1 branch(es)  [2/15, 3/14, 275/2, 343/55, 4/7]
  line  5521  DECIDED  n>=2  1 branch(es)  [2/15, 3/14, 275/2, 49/55, 45/7]
  line  5522  DECIDED  n>=2  1 branch(es)  [2/15, 3/14, 275/2, 49/55, 6/7]
  line  5551  DECIDED  n>=1  1 branch(es)  [2/15, 3/154, 175/2, 121/5, 45/11]
  line  5552  DECIDED  n>=1  1 branch(es)  [2/15, 3/154, 175/2, 121/5, 6/11]
  line  5553  DECIDED  n>=2  1 branch(es)  [2/15, 3/154, 6125/2, 121/5, 2/11]
  line  5554  DECIDED  n>=1  1 branch(es)  [2/15, 3/154, 8575/2, 11/5, 6/7]
  line  5573  DECIDED  n>=1  1 branch(es)  [2/15, 3087/2, 11/147, 25/11, 3/7]
  line  5576  DECIDED  n>=2  1 branch(es)  [2/15, 33957/2, 1/3, 25/539, 3/7]
  line  5585  DECIDED  n>=2  2 branch(es)  [2/15, 441/22, 125/2, 11/7, 21/5]
  line  5587  DECIDED  n>=1  2 branch(es)  [2/15, 441/22, 125/2, 11/7, 33/5]
  line  5589  DECIDED  n>=2  2 branch(es)  [2/15, 441/22, 25/2, 11/49, 22/5]
  line  5605  DECIDED  n>=1  2 branch(es)  [2/15, 539/3, 189/2, 5/539, 3/7]
  line  5627  DECIDED  n>=0  1 branch(es)  [2/15, 79233/2, 1/3, 25/539, 3/7]
  line  5647  DECIDED  n>=2  2 branch(es)  [2/15, 9/14, 1375/2, 7/25, 2/11]
  line  5650  DECIDED  n>=2  2 branch(es)  [2/15, 9/14, 15125/2, 7/25, 2/11]
  line  5657  DECIDED  n>=2  1 branch(es)  [2/15, 9/14, 275/2, 49/55, 2/7]
  line  5684  DECIDED  n>=1  1 branch(es)  [2/15, 9/154, 1225/2, 11/5, 4/7]
  line  5686  DECIDED  n>=1  1 branch(es)  [2/15, 9/154, 175/2, 121/5, 15/11]
  line  5687  DECIDED  n>=1  1 branch(es)  [2/15, 9/154, 175/2, 121/5, 2/11]
  line  5688  DECIDED  n>=2  1 branch(es)  [2/15, 9/154, 175/2, 121/5, 4/11]
  line  5690  DECIDED  n>=1  1 branch(es)  [2/15, 9/154, 175/2, 1331/5, 2/11]
  line  5699  DECIDED  n>=1  2 branch(es)  [2/15, 99/14, 125/2, 49/11, 21/5]
  line  5700  DECIDED  n>=2  2 branch(es)  [2/15, 99/14, 125/2, 49/11, 22/5]
    ... 5700/21233 scanned, 409 decided, 5052s
  line  5718  DECIDED  n>=1  2 branch(es)  [2/15, 99/14, 1375/2, 7/11, 14/5]
  line  5719  DECIDED  n>=2  2 branch(es)  [2/15, 99/14, 1375/2, 7/11, 2/25]
  line  5721  DECIDED  n>=2  1 branch(es)  [2/15, 99/14, 1375/2, 7/11, 22/5]
  line  5722  DECIDED  n>=2  2 branch(es)  [2/15, 99/14, 1375/2, 7/11, 3/5]
  line  5723  DECIDED  n>=3  2 branch(es)  [2/15, 99/14, 1375/2, 7/11, 4/5]
  line  5736  DECIDED  n>=2  2 branch(es)  [2/15, 99/14, 25/2, 49/121, 14/5]
  line  5740  DECIDED  n>=2  1 branch(es)  [2/15, 99/14, 25/2, 7/11, 126/5]
  line  5741  DECIDED  n>=2  1 branch(es)  [2/15, 99/14, 25/2, 7/11, 132/5]
  line  5742  DECIDED  n>=2  2 branch(es)  [2/15, 99/14, 25/2, 7/11, 14/5, 1/3]
  line  5743  DECIDED  n>=2  2 branch(es)  [2/15, 99/14, 25/2, 7/11, 14/5, 1/7]
  line  5744  DECIDED  n>=2  2 branch(es)  [2/15, 99/14, 25/2, 7/11, 14/5]
  line  5745  DECIDED  n>=0  2 branch(es)  [2/15, 99/14, 25/2, 7/11, 196/5]
  line  5746  DECIDED  n>=3  1 branch(es)  [2/15, 99/14, 25/2, 7/11, 198/5]
  line  5750  DECIDED  n>=1  1 branch(es)  [2/15, 99/14, 25/2, 7/11, 28/25]
  line  5751  DECIDED  n>=3  1 branch(es)  [2/15, 99/14, 25/2, 7/11, 28/5]
  line  5752  DECIDED  n>=2  1 branch(es)  [2/15, 99/14, 25/2, 7/11, 297/5]
  line  5753  DECIDED  n>=2  2 branch(es)  [2/15, 99/14, 25/2, 7/11, 308/5]
  line  5754  DECIDED  n>=1  1 branch(es)  [2/15, 99/14, 25/2, 7/11, 42/5]
  line  5755  DECIDED  n>=2  1 branch(es)  [2/15, 99/14, 25/2, 7/11, 44/25]
  line  5756  DECIDED  n>=2  1 branch(es)  [2/15, 99/14, 25/2, 7/11, 44/5]
  line  5757  DECIDED  n>=1  1 branch(es)  [2/15, 99/14, 25/2, 7/11, 462/5]
  line  5759  DECIDED  n>=3  1 branch(es)  [2/15, 99/14, 25/2, 7/11, 56/5]
  line  5761  DECIDED  n>=2  1 branch(es)  [2/15, 99/14, 25/2, 7/11, 66/5]
  line  5762  DECIDED  n>=1  1 branch(es)  [2/15, 99/14, 25/2, 7/11, 726/5]
  line  5763  DECIDED  n>=3  1 branch(es)  [2/15, 99/14, 25/2, 7/11, 84/5]
  line  5764  DECIDED  n>=2  1 branch(es)  [2/15, 99/14, 25/2, 7/11, 88/5]
  line  5765  DECIDED  n>=3  2 branch(es)  [2/15, 99/14, 25/2, 7/11, 99/5]
  line  5766  DECIDED  n>=2  2 branch(es)  [2/15, 99/14, 275/2, 7/121, 21/11]
  line  5768  DECIDED  n>=3  2 branch(es)  [2/15, 99/14, 275/2, 7/121, 9/5]
  line  5798  DECIDED  n>=1  1 branch(es)  [2/15, 99/14, 6875/2, 7/11, 2/5]
  line  5799  DECIDED  n>=1  1 branch(es)  [2/15, 99/14, 6875/2, 7/11, 3/5]
  line  5807  DECIDED  n>=3  2 branch(es)  [2/15, 99/98, 275/2, 7/11, 14/5]
  line  5824  DECIDED  n>=2  1 branch(es)  [2/9, 25/21, 132/5, 7/44, 5/2]
  line  5879  DECIDED  n>=0  1 branch(es)  [20/3, 9/385, 1/20, 539/2, 3/7]
  line  5883  DECIDED  n>=1  1 branch(es)  [20/9, 1/15, 45/14, 121/2, 21/11]
  line  5884  DECIDED  n>=1  1 branch(es)  [20/9, 45/14, 1/15, 121/2, 21/11]
  line  5885  DECIDED  n>=1  1 branch(es)  [20/9, 45/14, 121/2, 1/15, 21/11]
  line  5886  DECIDED  n>=2  1 branch(es)  [20/9, 45/14, 121/2, 7/15, 3/11]
  line  5887  DECIDED  n>=2  1 branch(es)  [20/9, 45/14, 7/15, 121/2, 3/11]
  line  5888  DECIDED  n>=2  1 branch(es)  [20/9, 7/15, 45/14, 121/2, 3/11]
  line  5905  DECIDED  n>=2  2 branch(es)  [22/105, 9/10, 245/2, 5/11, 10/7]
  line  5906  DECIDED  n>=3  2 branch(es)  [22/105, 9/10, 245/2, 5/11, 22/7]
  line  5908  DECIDED  n>=3  2 branch(es)  [22/105, 9/10, 539/2, 5/11, 10/7]
  line  5909  DECIDED  n>=3  2 branch(es)  [22/105, 9/10, 539/2, 5/11, 22/7]
  line  5917  DECIDED  n>=2  1 branch(es)  [225/14, 11/2, 4/33, 7/5, 20/11]
  line  5918  DECIDED  n>=1  1 branch(es)  [225/14, 11/2, 4/33, 7/5, 28/11]
  line  5919  DECIDED  n>=2  1 branch(es)  [225/14, 11/2, 4/33, 7/5, 30/11]
  line  5921  DECIDED  n>=0  1 branch(es)  [225/14, 121/2, 2/33, 7/25, 14/11]
  line  5923  DECIDED  n>=2  1 branch(es)  [225/14, 121/2, 4/33, 7/5, 10/11]
  line  5924  DECIDED  n>=1  1 branch(es)  [225/14, 121/2, 4/33, 7/5, 14/11]
  line  5925  DECIDED  n>=2  1 branch(es)  [225/14, 121/2, 4/33, 7/5, 15/11]
  line  5926  DECIDED  n>=1  1 branch(es)  [225/14, 121/2, 4/33, 7/5, 21/11]
  line  5928  DECIDED  n>=1  1 branch(es)  [225/14, 1331/2, 2/33, 7/5, 10/11]
  line  5929  DECIDED  n>=0  1 branch(es)  [225/14, 1331/2, 2/33, 7/5, 14/11]
  line  5930  DECIDED  n>=1  1 branch(es)  [225/14, 1331/2, 2/33, 7/5, 15/11]
  line  5931  DECIDED  n>=0  1 branch(es)  [225/14, 1331/2, 2/33, 7/5, 21/11]
  line  5936  DECIDED  n>=3  2 branch(es)  [225/14, 2/165, 363/2, 7/3, 2/11]
  line  5937  DECIDED  n>=3  2 branch(es)  [225/14, 2/231, 605/2, 7/5, 2/11]
  line  5938  DECIDED  n>=3  2 branch(es)  [225/14, 2/231, 847/2, 7/5, 2/11]
  line  5940  DECIDED  n>=2  2 branch(es)  [225/14, 2/33, 121/2, 7/25, 14/11]
  line  5943  DECIDED  n>=2  2 branch(es)  [225/14, 2/33, 1331/2, 7/5, 15/11]
  line  5944  DECIDED  n>=1  2 branch(es)  [225/14, 2/33, 1331/2, 7/5, 21/11]
  line  5949  DECIDED  n>=1  1 branch(es)  [225/14, 363/2, 2/165, 7/3, 2/11]
  line  5950  DECIDED  n>=3  2 branch(es)  [225/14, 363/2, 2/385, 7/3, 2/11]
  line  5954  DECIDED  n>=2  1 branch(es)  [225/14, 4/33, 11/2, 7/5, 20/11]
  line  5955  DECIDED  n>=1  1 branch(es)  [225/14, 4/33, 11/2, 7/5, 28/11]
  line  5956  DECIDED  n>=2  1 branch(es)  [225/14, 4/33, 11/2, 7/5, 30/11]
  line  5957  DECIDED  n>=3  1 branch(es)  [225/14, 4/33, 121/2, 7/5, 10/11]
  line  5958  DECIDED  n>=3  1 branch(es)  [225/14, 4/33, 121/2, 7/5, 14/11]
  line  5959  DECIDED  n>=3  1 branch(es)  [225/14, 4/33, 121/2, 7/5, 15/11]
  line  5960  DECIDED  n>=3  1 branch(es)  [225/14, 4/33, 121/2, 7/5, 21/11]
  line  5968  DECIDED  n>=1  1 branch(es)  [225/14, 4/9, 1/15, 121/2, 21/11]
  line  5969  DECIDED  n>=1  1 branch(es)  [225/14, 4/9, 121/2, 1/15, 21/11]
  line  5973  DECIDED  n>=1  1 branch(es)  [225/14, 7/165, 2/3, 55/2, 21/5]
  line  5980  DECIDED  n>=2  1 branch(es)  [225/14, 7/33, 4/3, 11/5, 105/2]
  line  5981  DECIDED  n>=2  1 branch(es)  [225/14, 7/33, 4/3, 11/5, 147/2]
  line  5982  DECIDED  n>=1  1 branch(es)  [225/14, 7/33, 4/3, 11/5, 15/2]
  line  5983  DECIDED  n>=2  1 branch(es)  [225/14, 7/33, 4/3, 11/5, 21/2]
  line  5984  DECIDED  n>=1  1 branch(es)  [225/14, 7/33, 4/3, 11/5, 45/2]
  line  5985  DECIDED  n>=2  1 branch(es)  [225/14, 7/33, 4/3, 11/5, 63/2]
  line  5986  DECIDED  n>=3  2 branch(es)  [225/14, 7/33, 4/3, 11/5, 75/2]
  line  5987  DECIDED  n>=2  1 branch(es)  [225/14, 7/33, 4/3, 11/5, 99/2]
  line  5989  DECIDED  n>=1  1 branch(es)  [225/14, 7/33, 8/3, 11/5, 15/2]
  line  5990  DECIDED  n>=2  1 branch(es)  [225/14, 7/33, 8/3, 11/5, 21/2]
  line  5994  DECIDED  n>=3  2 branch(es)  [225/14, 847/2, 2/231, 7/5, 2/11]
  line  5995  DECIDED  n>=2  1 branch(es)  [225/154, 11/21, 2/3, 7/5, 165/2]
  line  6011  DECIDED  n>=1  1 branch(es)  [225/77, 12/7, 7/30, 11/3, 7/2]
  line  6012  DECIDED  n>=2  1 branch(es)  [225/77, 2/7, 49/6, 11/5, 105/2]
  line  6013  DECIDED  n>=2  1 branch(es)  [225/77, 2/7, 49/6, 11/5, 245/2]
  line  6014  DECIDED  n>=1  1 branch(es)  [225/77, 2/7, 49/6, 11/5, 539/2]
  line  6016  DECIDED  n>=2  1 branch(es)  [225/77, 4/7, 49/6, 11/5, 35/2]
  line  6021  DECIDED  n>=2  1 branch(es)  [225/77, 49/6, 2/7, 11/5, 105/2]
  line  6022  DECIDED  n>=2  1 branch(es)  [225/77, 49/6, 2/7, 11/5, 245/2]
  line  6023  DECIDED  n>=1  1 branch(es)  [225/77, 49/6, 2/7, 11/5, 539/2]
  line  6025  DECIDED  n>=3  1 branch(es)  [225/77, 49/6, 4/7, 11/5, 35/2]
  line  6027  DECIDED  n>=3  2 branch(es)  [225/77, 7/30, 12/7, 11/3, 7/2]
  line  6032  DECIDED  n>=2  1 branch(es)  [225/77, 7/6, 121/3, 2/5, 147/2]
  line  6033  DECIDED  n>=2  1 branch(es)  [225/77, 7/6, 121/3, 2/5, 21/2]
  line  6034  DECIDED  n>=2  1 branch(es)  [225/77, 7/6, 121/3, 2/5, 63/2]
  line  6035  DECIDED  n>=2  1 branch(es)  [225/77, 7/6, 1331/3, 2/5, 21/2]
  line  6040  DECIDED  n>=1  1 branch(es)  [225/77, 8/7, 7/6, 11/5, 35/2]
  line  6042  DECIDED  n>=0  1 branch(es)  [25/126, 1/55, 36/5, 11/3, 35/2]
  line  6053  DECIDED  n>=0  1 branch(es)  [25/126, 22/3, 9/55, 7/11, 15/2]
  line  6083  DECIDED  n>=0  1 branch(es)  [25/126, 9/55, 22/3, 7/11, 15/2]
  line  6094  DECIDED  n>=2  2 branch(es)  [25/18, 22/35, 343/2, 9/11, 5/7]
  line  6097  DECIDED  n>=2  2 branch(es)  [25/18, 22/35, 49/2, 3/11, 18/7]
  line  6099  DECIDED  n>=2  2 branch(es)  [25/18, 22/35, 49/2, 3/11, 25/7]
  line  6106  DECIDED  n>=1  1 branch(es)  [25/18, 343/2, 22/35, 9/11, 5/7]
  line  6107  DECIDED  n>=1  1 branch(es)  [25/18, 343/2, 242/35, 3/11, 5/7]
  line  6116  DECIDED  n>=0  1 branch(es)  [25/18, 49/2, 22/35, 3/11, 18/7]
  line  6117  DECIDED  n>=1  1 branch(es)  [25/18, 49/2, 22/35, 3/11, 242/7]
  line  6118  DECIDED  n>=1  1 branch(es)  [25/18, 49/2, 22/35, 3/11, 25/7]
  line  6119  DECIDED  n>=1  1 branch(es)  [25/18, 49/2, 22/35, 3/11, 66/7]
  line  6130  DECIDED  n>=2  2 branch(es)  [25/18, 98/55, 1331/2, 3/7, 5/11]
  line  6131  DECIDED  n>=1  1 branch(es)  [25/18, 99/35, 2/5, 7/11, 175/2]
  line  6132  DECIDED  n>=1  1 branch(es)  [25/18, 99/35, 2/5, 7/11, 275/2]
  line  6134  DECIDED  n>=1  1 branch(es)  [25/18, 99/35, 44/5, 7/11, 5/2]
  line  6137  DECIDED  n>=0  1 branch(es)  [25/63, 1/110, 99/5, 4/3, 35/2]
  line  6139  DECIDED  n>=0  1 branch(es)  [25/63, 1/55, 18/5, 11/3, 1225/2]
  line  6143  DECIDED  n>=0  1 branch(es)  [25/63, 1/55, 36/5, 11/3, 35/2]
  line  6147  DECIDED  n>=0  1 branch(es)  [25/63, 1/605, 18/5, 11/3, 245/2]
  line  6181  DECIDED  n>=0  1 branch(es)  [25/63, 36/5, 11/3, 7/22, 35/2]
  line  6184  DECIDED  n>=1  1 branch(es)  [25/63, 4/3, 99/10, 7/11, 15/2]
  line  6185  DECIDED  n>=1  1 branch(es)  [25/63, 4/7, 77/10, 3/11, 231/2]
  line  6186  DECIDED  n>=1  1 branch(es)  [25/63, 4/7, 77/10, 3/11, 847/2]
  line  6193  DECIDED  n>=1  1 branch(es)  [25/63, 7/110, 99/5, 4/3, 5/2]
  line  6203  DECIDED  n>=3  1 branch(es)  [25/63, 7/55, 4/5, 297/2, 7/3]
  line  6206  DECIDED  n>=0  1 branch(es)  [25/63, 7/605, 18/5, 11/3, 35/2]
  line  6207  DECIDED  n>=3  2 branch(es)  [25/63, 77/10, 4/7, 3/11, 231/2]
  line  6208  DECIDED  n>=3  2 branch(es)  [25/63, 77/10, 4/7, 3/11, 847/2]
  line  6218  DECIDED  n>=2  1 branch(es)  [25/63, 99/10, 4/3, 7/11, 15/2]
  line  6241  DECIDED  n>=1  1 branch(es)  [25/693, 7/15, 2/5, 297/2, 7/3]
  line  6255  DECIDED  n>=2  1 branch(es)  [27/10, 2/21, 539/2, 5/7, 4/55]
  line  6272  DECIDED  n>=2  1 branch(es)  [27/10, 245/33, 2/3, 11/7, 105/2]
  line  6273  DECIDED  n>=1  1 branch(es)  [27/10, 245/33, 2/3, 11/7, 63/2]
  line  6274  DECIDED  n>=0  1 branch(es)  [27/10, 245/33, 2/3, 11/7, 99/2]
  line  6276  DECIDED  n>=1  1 branch(es)  [27/10, 245/33, 4/3, 11/7, 21/2]
  line  6291  DECIDED  n>=1  1 branch(es)  [27/10, 3773/2, 2/21, 5/11, 33/7]
  line  6313  DECIDED  n>=1  1 branch(es)  [27/10, 5/21, 22/3, 7/11, 1089/2]
  line  6314  DECIDED  n>=0  1 branch(es)  [27/10, 5/21, 22/3, 7/11, 693/2]
  line  6322  DECIDED  n>=2  1 branch(es)  [27/10, 539/2, 2/21, 5/7, 4/55]
  line  6326  DECIDED  n>=0  1 branch(es)  [27/10, 55/21, 2/3, 49/11, 165/2]
  line  6327  DECIDED  n>=0  1 branch(es)  [27/10, 55/21, 2/3, 49/11, 63/2]
  line  6328  DECIDED  n>=1  1 branch(es)  [27/10, 55/21, 2/3, 49/11, 99/2]
  line  6348  DECIDED  n>=3  1 branch(es)  [27/10, 55/21, 4/3, 49/11, 33/2]
  line  6362  DECIDED  n>=1  1 branch(es)  [27/10, 55/63, 2/3, 7/11, 99/2]
  line  6381  DECIDED  n>=0  1 branch(es)  [27/175, 1/33, 50/3, 11/5, 63/2]
  line  6383  DECIDED  n>=0  1 branch(es)  [27/175, 1/363, 50/3, 11/5, 21/2]
  line  6389  DECIDED  n>=0  1 branch(es)  [27/175, 10/3, 121/4, 1/55, 21/2]
  line  6401  DECIDED  n>=3  1 branch(es)  [27/175, 7/33, 2/3, 1375/2, 7/5]
  line  6422  DECIDED  n>=3  2 branch(es)  [27/20, 55/21, 2/3, 7/11, 99/2]
  line  6424  DECIDED  n>=0  1 branch(es)  [27/35, 1/132, 20/3, 11/5, 21/2]
  line  6439  DECIDED  n>=0  1 branch(es)  [27/35, 1/66, 10/3, 11/5, 441/2]
  line  6440  DECIDED  n>=0  1 branch(es)  [27/35, 1/66, 10/3, 242/5, 21/2]
  line  6441  DECIDED  n>=1  1 branch(es)  [27/35, 1/66, 20/3, 11/5, 231/2]
  line  6446  DECIDED  n>=2  1 branch(es)  [27/35, 10/33, 121/5, 7/121, 15/2]
  line  6449  DECIDED  n>=2  1 branch(es)  [27/35, 121/5, 10/33, 7/121, 15/2]
  line  6465  DECIDED  n>=2  1 branch(es)  [27/35, 242/5, 5/33, 7/121, 15/2]
  line  6493  DECIDED  n>=2  1 branch(es)  [27/35, 5/33, 242/5, 7/121, 15/2]
  line  6508  DECIDED  n>=1  1 branch(es)  [27/35, 5/66, 14/3, 11/7, 105/2]
  line  6512  DECIDED  n>=2  1 branch(es)  [27/35, 5/66, 14/3, 11/7, 9/2]
  line  6546  DECIDED  n>=0  1 branch(es)  [27/385, 1/15, 70/3, 5/7, 363/2]
  line  6569  DECIDED  n>=2  1 branch(es)  [27/70, 1/165, 10/3, 121/2, 21/11]
  line  6570  DECIDED  n>=2  1 branch(es)  [27/70, 1/165, 10/3, 55/2, 21/5]
  line  6589  DECIDED  n>=0  1 branch(es)  [27/70, 35/33, 10/3, 11/5, 21/2]
  line  6590  DECIDED  n>=1  1 branch(es)  [27/70, 35/33, 10/3, 11/5, 9/2]
  line  6591  DECIDED  n>=1  1 branch(es)  [27/70, 35/33, 20/3, 11/5, 3/2]
  line  6595  DECIDED  n>=1  1 branch(es)  [27/70, 5/33, 14/3, 11/7, 105/2]
  line  6608  DECIDED  n>=0  1 branch(es)  [275/63, 1/110, 9/5, 2/3, 245/2]
  line  6612  DECIDED  n>=1  1 branch(es)  [275/63, 2/3, 9/10, 7/11, 165/2]
  line  6613  DECIDED  n>=1  1 branch(es)  [275/63, 2/3, 9/10, 7/11, 99/2]
  line  6625  DECIDED  n>=1  1 branch(es)  [275/63, 4/7, 7/10, 9/11, 77/2]
  line  6626  DECIDED  n>=1  1 branch(es)  [275/63, 44/7, 7/10, 3/11, 21/2]
  line  6627  DECIDED  n>=1  1 branch(es)  [275/63, 44/7, 7/10, 3/11, 77/2]
  line  6631  DECIDED  n>=2  1 branch(es)  [275/63, 49/22, 12/7, 3/5, 7/2]
  line  6642  DECIDED  n>=3  2 branch(es)  [275/63, 7/10, 4/7, 9/11, 77/2]
  line  6643  DECIDED  n>=3  2 branch(es)  [275/63, 7/10, 44/7, 3/11, 21/2]
  line  6644  DECIDED  n>=3  2 branch(es)  [275/63, 7/10, 44/7, 3/11, 77/2]
  line  6645  DECIDED  n>=1  1 branch(es)  [275/63, 7/110, 9/5, 2/3, 35/2]
  line  6646  DECIDED  n>=1  1 branch(es)  [275/63, 9/10, 2/3, 7/11, 165/2]
  line  6647  DECIDED  n>=1  1 branch(es)  [275/63, 9/10, 2/3, 7/11, 99/2]
  line  6654  DECIDED  n>=2  1 branch(es)  [28/15, 1/154, 3/2, 121/3, 50/11]
  line  6658  DECIDED  n>=2  1 branch(es)  [28/15, 1/1694, 9/2, 11/3, 50/11]
  line  6671  DECIDED  n>=1  1 branch(es)  [28/15, 1/3, 11319/2, 5/539, 3/7]
  line  6731  DECIDED  n>=1  1 branch(es)  [28/15, 1/77, 27/7, 11/9, 175/2]
  line  6732  DECIDED  n>=1  2 branch(es)  [28/15, 1/77, 27/7, 121/9, 35/2]
  line  6763  DECIDED  n>=2  1 branch(es)  [28/15, 11319/2, 1/3, 5/539, 3/7]
  line  6795  DECIDED  n>=3  1 branch(es)  [28/15, 18/77, 11/6, 55/2, 3/11]
  line  6802  DECIDED  n>=2  1 branch(es)  [28/15, 21/22, 125/2, 11/7, 14/5]
  line  6803  DECIDED  n>=1  1 branch(es)  [28/15, 21/22, 125/2, 11/7, 21/5]
  line  6804  DECIDED  n>=1  1 branch(es)  [28/15, 21/22, 125/2, 11/7, 22/5]
  line  6805  DECIDED  n>=2  1 branch(es)  [28/15, 21/22, 125/2, 11/7, 3/25]
  line  6806  DECIDED  n>=2  1 branch(es)  [28/15, 21/22, 125/2, 11/7, 3/5]
  line  6807  DECIDED  n>=1  1 branch(es)  [28/15, 21/22, 125/2, 11/7, 33/5]
  line  6808  DECIDED  n>=2  1 branch(es)  [28/15, 21/22, 125/2, 11/7, 6/5]
  line  6809  DECIDED  n>=1  1 branch(es)  [28/15, 21/22, 125/2, 11/7, 9/5]
  line  6831  DECIDED  n>=2  1 branch(es)  [28/15, 21/22, 25/2, 11/7, 12/5]
  line  6832  DECIDED  n>=2  1 branch(es)  [28/15, 21/22, 25/2, 11/7, 14/5]
  line  6833  DECIDED  n>=3  2 branch(es)  [28/15, 21/22, 25/2, 11/7, 147/5]
  line  6834  DECIDED  n>=3  2 branch(es)  [28/15, 21/22, 25/2, 11/7, 154/5]
  line  6835  DECIDED  n>=3  1 branch(es)  [28/15, 21/22, 25/2, 11/7, 18/5]
  line  6836  DECIDED  n>=1  1 branch(es)  [28/15, 21/22, 25/2, 11/7, 21/5]
  line  6837  DECIDED  n>=1  1 branch(es)  [28/15, 21/22, 25/2, 11/7, 22/5]
  line  6838  DECIDED  n>=2  2 branch(es)  [28/15, 21/22, 25/2, 11/7, 231/5]
  line  6839  DECIDED  n>=2  2 branch(es)  [28/15, 21/22, 25/2, 11/7, 242/5]
  line  6840  DECIDED  n>=3  1 branch(es)  [28/15, 21/22, 25/2, 11/7, 27/5]
  line  6841  DECIDED  n>=2  1 branch(es)  [28/15, 21/22, 25/2, 11/7, 28/5]
  line  6842  DECIDED  n>=2  1 branch(es)  [28/15, 21/22, 25/2, 11/7, 3/5, 1/11]
  line  6843  DECIDED  n>=2  1 branch(es)  [28/15, 21/22, 25/2, 11/7, 3/5, 1/3]
  line  6844  DECIDED  n>=2  1 branch(es)  [28/15, 21/22, 25/2, 11/7, 3/5]
  line  6845  DECIDED  n>=0  1 branch(es)  [28/15, 21/22, 25/2, 11/7, 33/5]
  line  6846  DECIDED  n>=1  1 branch(es)  [28/15, 21/22, 25/2, 11/7, 42/5]
  line  6847  DECIDED  n>=1  1 branch(es)  [28/15, 21/22, 25/2, 11/7, 44/5]
  line  6848  DECIDED  n>=3  1 branch(es)  [28/15, 21/22, 25/2, 11/7, 6/25]
  line  6849  DECIDED  n>=2  1 branch(es)  [28/15, 21/22, 25/2, 11/7, 6/5]
  line  6850  DECIDED  n>=3  1 branch(es)  [28/15, 21/22, 25/2, 11/7, 63/5]
  line  6851  DECIDED  n>=3  1 branch(es)  [28/15, 21/22, 25/2, 11/7, 66/5]
  line  6852  DECIDED  n>=3  1 branch(es)  [28/15, 21/22, 25/2, 11/7, 9/5]
  line  6854  DECIDED  n>=3  1 branch(es)  [28/15, 21/22, 25/2, 11/7, 99/5]
  line  6867  DECIDED  n>=1  1 branch(es)  [28/15, 21/22, 5/2, 11/49, 42/5]
  line  6868  DECIDED  n>=1  1 branch(es)  [28/15, 21/22, 5/2, 11/49, 44/5]
  line  6869  DECIDED  n>=2  1 branch(es)  [28/15, 21/22, 625/2, 11/7, 3/5]
  line  6877  DECIDED  n>=2  1 branch(es)  [28/15, 21/242, 25/2, 121/7, 3/5]
  line  6878  DECIDED  n>=0  1 branch(es)  [28/15, 21/242, 275/2, 11/7, 3/5]
  line  6879  DECIDED  n>=1  1 branch(es)  [28/15, 21/242, 5/2, 11/7, 42/5]
  line  6880  DECIDED  n>=1  1 branch(es)  [28/15, 21/242, 5/2, 11/7, 66/5]
  line  6906  DECIDED  n>=1  1 branch(es)  [28/15, 3/154, 25/7, 22/5, 21/2]
  line  6908  DECIDED  n>=1  1 branch(es)  [28/15, 3/154, 35/2, 11/5, 165/7]
  line  6909  DECIDED  n>=2  1 branch(es)  [28/15, 3/154, 35/2, 11/5, 44/7]
  line  6910  DECIDED  n>=1  1 branch(es)  [28/15, 3/154, 35/2, 11/5, 6/7]
  line  6911  DECIDED  n>=1  1 branch(es)  [28/15, 3/154, 35/2, 121/5, 15/7]
  line  6912  DECIDED  n>=2  1 branch(es)  [28/15, 3/154, 35/2, 121/5, 4/7]
  line  6916  DECIDED  n>=2  1 branch(es)  [28/15, 3/154, 5/2, 121/5, 6/11]
  line  6917  DECIDED  n>=2  1 branch(es)  [28/15, 3/154, 5/2, 1331/5, 15/11]
  line  6918  DECIDED  n>=2  1 branch(es)  [28/15, 3/154, 5/2, 1331/5, 6/11]
  line  6920  DECIDED  n>=2  1 branch(es)  [28/15, 3/1694, 25/2, 11/5, 6/11]
  line  6954  DECIDED  n>=1  1 branch(es)  [28/15, 3/22, 125/2, 121/7, 14/5]
  line  6955  DECIDED  n>=1  1 branch(es)  [28/15, 3/22, 125/2, 121/7, 21/5]
  line  6956  DECIDED  n>=1  1 branch(es)  [28/15, 3/22, 125/2, 121/7, 22/5]
  line  6957  DECIDED  n>=1  1 branch(es)  [28/15, 3/22, 125/2, 121/7, 3/25]
  line  6958  DECIDED  n>=1  1 branch(es)  [28/15, 3/22, 125/2, 121/7, 3/5]
  line  6959  DECIDED  n>=1  1 branch(es)  [28/15, 3/22, 125/2, 121/7, 33/5]
  line  6960  DECIDED  n>=1  1 branch(es)  [28/15, 3/22, 125/2, 121/7, 6/5]
  line  6961  DECIDED  n>=1  1 branch(es)  [28/15, 3/22, 125/2, 121/7, 9/5]
  line  6968  DECIDED  n>=1  2 branch(es)  [28/15, 3/22, 175/2, 11/7, 147/5]
  line  6969  DECIDED  n>=2  1 branch(es)  [28/15, 3/22, 175/2, 11/7, 154/5]
  line  6970  DECIDED  n>=2  1 branch(es)  [28/15, 3/22, 175/2, 11/7, 21/5]
  line  6972  DECIDED  n>=3  2 branch(es)  [28/15, 3/22, 175/2, 11/7, 22/5]
  line  6973  DECIDED  n>=1  2 branch(es)  [28/15, 3/22, 175/2, 11/7, 27/5]
  line  6974  DECIDED  n>=3  2 branch(es)  [28/15, 3/22, 175/2, 11/7, 3/5, 1/11]
  line  6975  DECIDED  n>=3  2 branch(es)  [28/15, 3/22, 175/2, 11/7, 3/5, 1/3]
  line  6976  DECIDED  n>=3  2 branch(es)  [28/15, 3/22, 175/2, 11/7, 3/5]
  line  6977  DECIDED  n>=3  2 branch(es)  [28/15, 3/22, 175/2, 11/7, 42/5]
  line  6978  DECIDED  n>=1  1 branch(es)  [28/15, 3/22, 175/2, 11/7, 63/5]
  line  6979  DECIDED  n>=2  2 branch(es)  [28/15, 3/22, 175/2, 11/7, 66/5]
  line  6980  DECIDED  n>=2  2 branch(es)  [28/15, 3/22, 175/2, 11/7, 9/5]
  line  6981  DECIDED  n>=2  1 branch(es)  [28/15, 3/22, 175/2, 11/7, 98/5]
  line  7021  DECIDED  n>=1  1 branch(es)  [28/15, 3/22, 25/2, 121/7, 12/5]
  line  7023  DECIDED  n>=1  1 branch(es)  [28/15, 3/22, 25/2, 121/7, 154/5]
  line  7024  DECIDED  n>=3  1 branch(es)  [28/15, 3/22, 25/2, 121/7, 18/5]
  line  7025  DECIDED  n>=1  1 branch(es)  [28/15, 3/22, 25/2, 121/7, 21/5]
  line  7026  DECIDED  n>=1  1 branch(es)  [28/15, 3/22, 25/2, 121/7, 22/5]
  line  7027  DECIDED  n>=0  2 branch(es)  [28/15, 3/22, 25/2, 121/7, 231/5]
  line  7028  DECIDED  n>=2  2 branch(es)  [28/15, 3/22, 25/2, 121/7, 242/5]
  line  7029  DECIDED  n>=3  1 branch(es)  [28/15, 3/22, 25/2, 121/7, 27/5]
  line  7030  DECIDED  n>=1  1 branch(es)  [28/15, 3/22, 25/2, 121/7, 28/5]
  line  7031  DECIDED  n>=1  1 branch(es)  [28/15, 3/22, 25/2, 121/7, 3/5, 1/11]
  line  7032  DECIDED  n>=1  1 branch(es)  [28/15, 3/22, 25/2, 121/7, 3/5, 1/3]
  line  7033  DECIDED  n>=1  1 branch(es)  [28/15, 3/22, 25/2, 121/7, 3/5]
  line  7034  DECIDED  n>=2  2 branch(es)  [28/15, 3/22, 25/2, 121/7, 33/5]
  line  7035  DECIDED  n>=1  1 branch(es)  [28/15, 3/22, 25/2, 121/7, 42/5]
  line  7036  DECIDED  n>=1  1 branch(es)  [28/15, 3/22, 25/2, 121/7, 44/5]
  line  7037  DECIDED  n>=3  1 branch(es)  [28/15, 3/22, 25/2, 121/7, 6/25]
  line  7038  DECIDED  n>=1  1 branch(es)  [28/15, 3/22, 25/2, 121/7, 6/5]
  line  7039  DECIDED  n>=2  2 branch(es)  [28/15, 3/22, 25/2, 121/7, 63/5]
  line  7040  DECIDED  n>=3  1 branch(es)  [28/15, 3/22, 25/2, 121/7, 66/5]
  line  7041  DECIDED  n>=3  1 branch(es)  [28/15, 3/22, 25/2, 121/7, 9/5]
  line  7042  DECIDED  n>=1  2 branch(es)  [28/15, 3/22, 25/2, 121/7, 98/5]
  line  7043  DECIDED  n>=0  1 branch(es)  [28/15, 3/22, 25/2, 121/7, 99/5]
  line  7068  DECIDED  n>=0  1 branch(es)  [28/15, 3/22, 35/2, 11/49, 242/7]
  line  7069  DECIDED  n>=1  1 branch(es)  [28/15, 3/22, 35/2, 11/49, 33/7]
  line  7070  DECIDED  n>=1  1 branch(es)  [28/15, 3/22, 35/2, 11/49, 44/5]
  line  7071  DECIDED  n>=2  1 branch(es)  [28/15, 3/22, 35/2, 11/49, 6/5]
  line  7084  DECIDED  n>=1  1 branch(es)  [28/15, 3/22, 5/2, 11/7, 126/5]
  line  7085  DECIDED  n>=1  1 branch(es)  [28/15, 3/22, 5/2, 11/7, 196/5]
  line  7086  DECIDED  n>=1  1 branch(es)  [28/15, 3/22, 5/2, 11/7, 308/5]
  line  7087  DECIDED  n>=1  1 branch(es)  [28/15, 3/22, 5/2, 11/7, 378/5]
  line  7088  DECIDED  n>=2  1 branch(es)  [28/15, 3/22, 5/2, 11/7, 42/5, 1/11]
  line  7089  DECIDED  n>=2  1 branch(es)  [28/15, 3/22, 5/2, 11/7, 42/5, 1/3]
  line  7090  DECIDED  n>=2  1 branch(es)  [28/15, 3/22, 5/2, 11/7, 42/5]
  line  7091  DECIDED  n>=1  1 branch(es)  [28/15, 3/22, 5/2, 11/7, 588/5]
  line  7093  DECIDED  n>=1  1 branch(es)  [28/15, 3/22, 5/2, 11/7, 882/5]
  line  7094  DECIDED  n>=1  1 branch(es)  [28/15, 3/22, 5/2, 11/7, 924/5]
  line  7095  DECIDED  n>=2  1 branch(es)  [28/15, 3/22, 5/2, 121/49, 42/5]
  line  7098  DECIDED  n>=1  1 branch(es)  [28/15, 3/22, 625/2, 121/7, 3/5]
  line  7157  DECIDED  n>=3  2 branch(es)  [28/15, 3/242, 175/2, 121/7, 3/5]
  line  7160  DECIDED  n>=3  1 branch(es)  [28/15, 3/242, 35/2, 11/7, 6/5]
  line  7164  DECIDED  n>=2  1 branch(es)  [28/15, 3/242, 5/2, 121/7, 42/5]
  line  7181  DECIDED  n>=1  2 branch(es)  [28/15, 3/77, 125/7, 11/25, 21/2]
  line  7182  DECIDED  n>=1  1 branch(es)  [28/15, 3/77, 25/7, 121/25, 21/2]
  line  7201  DECIDED  n>=2  1 branch(es)  [28/15, 33/98, 25/2, 49/11, 3/5]
  line  7218  DECIDED  n>=2  1 branch(es)  [28/15, 363/98, 25/2, 7/11, 3/5]
  line  7308  DECIDED  n>=2  1 branch(es)  [28/15, 9/154, 35/2, 11/5, 4/7]
  line  7311  DECIDED  n>=2  1 branch(es)  [28/15, 9/154, 5/2, 77/5, 4/7]
  line  7327  DECIDED  n>=2  1 branch(es)  [28/15, 9/22, 25/2, 11/35, 14/5]
  line  7329  DECIDED  n>=2  1 branch(es)  [28/15, 9/22, 25/2, 11/7, 147/5]
  line  7330  DECIDED  n>=1  1 branch(es)  [28/15, 9/22, 25/2, 11/7, 154/5]
  line  7331  DECIDED  n>=1  1 branch(es)  [28/15, 9/22, 25/2, 11/7, 231/5]
  line  7332  DECIDED  n>=1  1 branch(es)  [28/15, 9/22, 25/2, 11/7, 242/5]
  line  7333  DECIDED  n>=2  1 branch(es)  [28/15, 9/22, 25/2, 11/7, 98/5]
  line  7345  DECIDED  n>=1  2 branch(es)  [28/15, 9/22, 5/2, 11/7, 196/5]
  line  7346  DECIDED  n>=1  2 branch(es)  [28/15, 9/22, 5/2, 11/7, 308/5]
  line  7347  DECIDED  n>=2  2 branch(es)  [28/15, 9/22, 5/2, 11/7, 42/5]
  line  7365  DECIDED  n>=2  1 branch(es)  [28/15, 9/44, 125/2, 11/7, 3/5]
  line  7366  DECIDED  n>=1  1 branch(es)  [28/15, 9/44, 25/2, 11/7, 21/5]
  line  7367  DECIDED  n>=2  1 branch(es)  [28/15, 9/44, 25/2, 11/7, 3/5]
  line  7368  DECIDED  n>=2  1 branch(es)  [28/15, 9/44, 25/2, 11/7, 6/5]
  line  7369  DECIDED  n>=3  1 branch(es)  [28/15, 9/44, 25/2, 11/7, 9/5]
  line  7401  DECIDED  n>=2  1 branch(es)  [28/45, 1/154, 9/2, 11/3, 50/11]
  line  7405  DECIDED  n>=2  1 branch(es)  [28/45, 25/22, 27/2, 11/7, 5/3]
  line  7410  DECIDED  n>=2  1 branch(es)  [28/45, 5/154, 9/2, 11/3, 10/11]
  line  7415  DECIDED  n>=2  2 branch(es)  [28/45, 5/22, 189/2, 11/7, 5/3]
  line  7416  DECIDED  n>=2  1 branch(es)  [28/45, 5/22, 27/2, 11/21, 5/3]
  line  7426  DECIDED  n>=1  1 branch(es)  [28/45, 5/22, 63/2, 33/7, 5/3]
  line  7431  DECIDED  n>=1  1 branch(es)  [28/45, 99/2, 7/3, 5/77, 22/7]
  line  7436  DECIDED  n>=0  1 branch(es)  [2835/2, 2/55, 1/5, 121/63, 5/3]
  line  7438  DECIDED  n>=1  1 branch(es)  [2835/2, 4/55, 1/5, 11/63, 5/3]
  line  7553  DECIDED  n>=1  1 branch(es)  [308/15, 33/98, 25/2, 7/11, 3/5]
  line  7600  DECIDED  n>=1  1 branch(es)  [315/2, 4/165, 5/3, 11/35, 21/5]
    ... 7600/21233 scanned, 738 decided, 8771s
  line  7606  DECIDED  n>=0  1 branch(es)  [315/2, 4/55, 3/25, 11/63, 2/3]
  line  7623  DECIDED  n>=3  2 branch(es)  [35/12, 56/55, 121/2, 3/7, 5/11]
  line  7628  DECIDED  n>=3  2 branch(es)  [35/12, 8/55, 847/2, 3/7, 5/11]
  line  7629  DECIDED  n>=2  2 branch(es)  [35/12, 8/55, 847/2, 3/7, 5/3]
  line  7636  DECIDED  n>=3  2 branch(es)  [35/18, 11/2, 4/55, 9/7, 28/11]
  line  7641  DECIDED  n>=3  2 branch(es)  [35/18, 12/55, 121/2, 9/  line  7663  DECIDED  n>=3  1 branch(es)  [35/18, 28/55, 121/2, 9/7, 5/11]
  line  7666  DECIDED  n>=1  1 branch(es)  [35/18, 28/55, 363/2, 3/7, 5/11]
  line  7696  DECIDED  n>=2  1 branch(es)  [35/18, 4/55, 363/2, 9/7, 2/11]
  line  7697  DECIDED  n>=1  1 branch(es)  [35/18, 4/55, 363/2, 9/7, 5/11]
  line  7698  DECIDED  n>=2  1 branch(es)  [35/18, 4/55, 363/2, 9/7, 5/3]
  line  7705  DECIDED  n>=3  1 branch(es)  [35/18, 4/55, 77/2, 3/7, 70/11]
  line  7707  DECIDED  n>=2  1 branch(es)  [35/18, 4/55, 847/2, 9/7, 2/11]
  line  7708  DECIDED  n>=1  1 branch(es)  [35/18, 4/55, 847/2, 9/7, 5/11]
  line  7715  DECIDED  n>=3  1 branch(es)  [35/18, 55/2, 4/77, 3/5, 70/11]
  line  7721  DECIDED  n>=2  1 branch(es)  [35/18, 605/2, 4/77, 9/5, 2/11]
  line  7722  DECIDED  n>=1  1 branch(es)  [35/18, 605/2, 4/77, 9/5, 7/11]
  line  7802  DECIDED  n>=2  1 branch(es)  [35/6, 1/385, 4/5, 121/2, 45/11]
  line  7807  DECIDED  n>=2  1 branch(es)  [35/6, 1/385, 4/5, 77/2, 45/7]
  line  7846  DECIDED  n>=3  1 branch(es)  [35/6, 11/2, 112/55, 3/7, 10/11]
  line  7856  DECIDED  n>=2  2 branch(es)  [35/6, 11/2, 28/55, 3/49, 12/11]
  line  7868  DECIDED  n>=2  2 branch(es)  [35/6, 11/2, 4/55, 3/7, 12/11, 1/3]
  line  7869  DECIDED  n>=2  2 branch(es)  [35/6, 11/2, 4/55, 3/7, 12/11, 1/5]
  line  7870  DECIDED  n>=2  2 branch(es)  [35/6, 11/2, 4/55, 3/7, 12/11]
  line  7872  DECIDED  n>=3  2 branch(es)  [35/6, 11/2, 4/55, 3/7, 140/11]
  line  7873  DECIDED  n>=2  1 branch(es)  [35/6, 11/2, 4/55, 3/7, 168/11]
  line  7875  DECIDED  n>=1  1 branch(es)  [35/6, 11/2, 4/55, 3/7, 196/11]
  line  7877  DECIDED  n>=2  1 branch(es)  [35/6, 11/2, 4/55, 3/7, 2450/11]
  line  7878  DECIDED  n>=3  2 branch(es)  [35/6, 11/2, 4/55, 3/7, 28/11, 1/3]
  line  7879  DECIDED  n>=3  2 branch(es)  [35/6, 11/2, 4/55, 3/7, 28/11, 1/5]
  line  7880  DECIDED  n>=3  2 branch(es)  [35/6, 11/2, 4/55, 3/7, 28/11]
  line  7882  DECIDED  n>=2  2 branch(es)  [35/6, 11/2, 4/55, 3/7, 300/11]
  line  7884  DECIDED  n>=3  1 branch(es)  [35/6, 11/2, 4/55, 3/7, 392/11]
  line  7885  DECIDED  n>=1  1 branch(es)  [35/6, 11/2, 4/55, 3/7, 420/11]
  line  7887  DECIDED  n>=2  1 branch(es)  [35/6, 11/2, 4/55, 3/7, 490/11]
  line  7889  DECIDED  n>=2  2 branch(es)  [35/6, 11/2, 4/55, 3/7, 60/11]
  line  7893  DECIDED  n>=3  2 branch(es)  [35/6, 11/2, 4/55, 3/7, 700/11]
  line  7894  DECIDED  n>=2  1 branch(es)  [35/6, 11/2, 4/55, 3/7, 72/11]
  line  7895  DECIDED  n>=1  1 branch(es)  [35/6, 11/2, 4/55, 3/7, 84/11]
  line  7896  DECIDED  n>=1  1 branch(es)  [35/6, 11/2, 4/55, 3/7, 980/11]
  line  7901  DECIDED  n>=2  2 branch(es)  [35/6, 11/2, 56/55, 3/7, 10/11]
  line  7921  DECIDED  n>=2  2 branch(es)  [35/6, 11/2, 8/55, 9/7, 28/11]
  line  7924  DECIDED  n>=3  1 branch(es)  [35/6, 112/55, 11/2, 3/7, 10/11]
  line  7925  DECIDED  n>=3  1 branch(es)  [35/6, 112/55, 121/2, 3/7, 5/11]
  line  7937  DECIDED  n>=3  1 branch(es)  [35/6, 121/2, 112/55, 3/7, 5/11]
  line  7954  DECIDED  n>=2  1 branch(es)  [35/6, 121/2, 28/55, 3/7, 10/11]
  line  7955  DECIDED  n>=2  1 branch(es)  [35/6, 121/2, 28/55, 3/7, 10/121]
  line  7956  DECIDED  n>=0  1 branch(es)  [35/6, 121/2, 28/55, 3/7, 105/11]
  line  7957  DECIDED  n>=1  1 branch(es)  [35/6, 121/2, 28/55, 3/7, 12/11]
  line  7958  DECIDED  n>=1  1 branch(es)  [35/6, 121/2, 28/55, 3/7, 125/11]
  line  7959  DECIDED  n>=2  1 branch(es)  [35/6, 121/2, 28/55, 3/7, 14/11]
  line  7960  DECIDED  n>=0  1 branch(es)  [35/6, 121/2, 28/55, 3/7, 15/11]
  line  7961  DECIDED  n>=1  1 branch(es)  [35/6, 121/2, 28/55, 3/7, 175/11]
  line  7962  DECIDED  n>=0  1 branch(es)  [35/6, 121/2, 28/55, 3/7, 18/11]
  line  7963  DECIDED  n>=2  1 branch(es)  [35/6, 121/2, 28/55, 3/7, 20/11]
  line  7964  DECIDED  n>=1  1 branch(es)  [35/6, 121/2, 28/55, 3/7, 245/11]
  line  7965  DECIDED  n>=1  1 branch(es)  [35/6, 121/2, 28/55, 3/7, 25/11]
  line  7966  DECIDED  n>=2  1 branch(es)  [35/6, 121/2, 28/55, 3/7, 28/11]
  line  7967  DECIDED  n>=1  1 branch(es)  [35/6, 121/2, 28/55, 3/7, 30/11]
  line  7968  DECIDED  n>=1  1 branch(es)  [35/6, 121/2, 28/55, 3/7, 35/11]
  line  7969  DECIDED  n>=1  1 branch(es)  [35/6, 121/2, 28/55, 3/7, 42/11]
  line  7970  DECIDED  n>=2  1 branch(es)  [35/6, 121/2, 28/55, 3/7, 5/11, 1/3]
  line  7971  DECIDED  n>=2  1 branch(es)  [35/6, 121/2, 28/55, 3/7, 5/11, 1/5]
  line  7972  DECIDED  n>=2  1 branch(es)  [35/6, 121/2, 28/55, 3/7, 5/11]
  line  7973  DECIDED  n>=1  1 branch(es)  [35/6, 121/2, 28/55, 3/7, 50/11]
  line  7974  DECIDED  n>=1  1 branch(es)  [35/6, 121/2, 28/55, 3/7, 6/11]
  line  7975  DECIDED  n>=1  1 branch(es)  [35/6, 121/2, 28/55, 3/7, 70/11]
  line  7976  DECIDED  n>=0  1 branch(es)  [35/6, 121/2, 28/55, 3/7, 75/11]
  line  7977  DECIDED  n>=1  1 branch(es)  [35/6, 121/2, 28/55, 3/7, 98/11]
  line  8041  DECIDED  n>=0  1 branch(es)  [35/6, 121/2, 4/55, 9/7, 105/11]
  line  8042  DECIDED  n>=1  1 branch(es)  [35/6, 121/2, 4/55, 9/7, 12/11]
  line  8043  DECIDED  n>=1  1 branch(es)  [35/6, 121/2, 4/55, 9/7, 14/11]
  line  8044  DECIDED  n>=1  1 branch(es)  [35/6, 121/2, 4/55, 9/7, 15/11]
  line  8045  DECIDED  n>=1  1 branch(es)  [35/6, 121/2, 4/55, 9/7, 175/11]
  line  8046  DECIDED  n>=0  1 branch(es)  [35/6, 121/2, 4/55, 9/7, 18/11]
  line  8047  DECIDED  n>=0  1 branch(es)  [35/6, 121/2, 4/55, 9/7, 245/11]
  line  8048  DECIDED  n>=1  1 branch(es)  [35/6, 121/2, 4/55, 9/7, 28/11]
  line  8049  DECIDED  n>=1  1 branch(es)  [35/6, 121/2, 4/55, 9/7, 30/11]
  line  8050  DECIDED  n>=1  1 branch(es)  [35/6, 121/2, 4/55, 9/7, 35/11]
  line  8051  DECIDED  n>=0  1 branch(es)  [35/6, 121/2, 4/55, 9/7, 42/11]
  line  8052  DECIDED  n>=1  1 branch(es)  [35/6, 121/2, 4/55, 9/7, 6/11]
  line  8053  DECIDED  n>=1  1 branch(es)  [35/6, 121/2, 4/55, 9/7, 70/11]
  line  8054  DECIDED  n>=1  1 branch(es)  [35/6, 121/2, 4/55, 9/7, 75/11]
  line  8055  DECIDED  n>=1  1 branch(es)  [35/6, 121/2, 4/55, 9/7, 98/11]
  line  8056  DECIDED  n>=2  2 branch(es)  [35/6, 121/2, 4/605, 3/7, 12/11]
  line  8058  DECIDED  n>=3  2 branch(es)  [35/6, 121/2, 4/605, 3/7, 28/11]
  line  8062  DECIDED  n>=2  2 branch(es)  [35/6, 121/2, 56/55, 3/7, 10/11]
  line  8063  DECIDED  n>=2  2 branch(es)  [35/6, 121/2, 56/55, 3/7, 14/11]
  line  8064  DECIDED  n>=1  1 branch(es)  [35/6, 121/2, 56/55, 3/7, 15/11]
  line  8065  DECIDED  n>=1  2 branch(es)  [35/6, 121/2, 56/55, 3/7, 25/11]
  line  8066  DECIDED  n>=1  2 branch(es)  [35/6, 121/2, 56/55, 3/7, 35/11]
  line  8067  DECIDED  n>=2  2 branch(es)  [35/6, 121/2, 56/55, 3/7, 5/11]
  line  8068  DECIDED  n>=1  2 branch(es)  [35/6, 121/2, 56/55, 3/7, 6/11]
  line  8091  DECIDED  n>=1  2 branch(es)  [35/6, 121/2, 8/55, 9/7, 15/11]
  line  8092  DECIDED  n>=1  2 branch(es)  [35/6, 121/2, 8/55, 9/7, 35/11]
  line  8093  DECIDED  n>=1  2 branch(es)  [35/6, 121/2, 8/55, 9/7, 6/11]
  line  8100  DECIDED  n>=2  1 branch(es)  [35/6, 1331/2, 28/55, 3/7, 10/11]
    ... 8100/21233 scanned, 836 decided, 10293s
  line  8101  DECIDED  n>=2  1 branch(es)  [35/6, 1331/2, 28/55, 3/7, 14/11]
  line  8102  DECIDED  n>=0  1 branch(es)  [35/6, 1331/2, 28/55, 3/7, 15/11]
  line  8103  DECIDED  n>=1  1 branch(es)  [35/6, 1331/2, 28/55, 3/7, 25/11]
  line  8104  DECIDED  n>=1  1 branch(es)  [35/6, 1331/2, 28/55, 3/7, 35/11]
  line  8105  DECIDED  n>=2  1 branch(es)  [35/6, 1331/2, 28/55, 3/7, 5/11]
  line  8106  DECIDED  n>=2  1 branch(es)  [35/6, 1331/2, 28/55, 3/7, 5/121]
  line  8107  DECIDED  n>=1  1 branch(es)  [35/6, 1331/2, 28/55, 3/7, 6/11]
  line  8109  DECIDED  n>=2  1 branch(es)  [35/6, 1331/2, 28/605, 3/7, 5/11]
  line  8130  DECIDED  n>=1  1 branch(es)  [35/6, 1331/2, 4/55, 9/7, 14/11]
  line  8131  DECIDED  n>=1  1 branch(es)  [35/6, 1331/2, 4/55, 9/7, 15/11]
  line  8132  DECIDED  n>=1  1 branch(es)  [35/6, 1331/2, 4/55, 9/7, 35/11]
  line  8133  DECIDED  n>=1  1 branch(es)  [35/6, 1331/2, 4/55, 9/7, 6/11]
  line  8138  DECIDED  n>=2  2 branch(es)  [35/6, 1331/2, 56/55, 3/7, 5/11]
  line  8314  DECIDED  n>=2  1 branch(es)  [35/6, 14641/2, 28/55, 3/7, 5/11]
  line  8459  DECIDED  n>=1  1 branch(es)  [35/6, 24/25, 1/35, 121/2, 15/11]
  line  8460  DECIDED  n>=1  1 branch(es)  [35/6, 24/25, 121/2, 1/35, 15/11]
  line  8461  DECIDED  n>=3  1 branch(es)  [35/6, 24/25, 121/2, 3/35, 5/11]
  line  8501  DECIDED  n>=3  1 branch(es)  [35/6, 28/55, 121/2, 3/7, 10/11]
  line  8502  DECIDED  n>=2  1 branch(es)  [35/6, 28/55, 121/2, 3/7, 10/121]
  line  8503  DECIDED  n>=2  2 branch(es)  [35/6, 28/55, 121/2, 3/7, 105/11]
  line  8504  DECIDED  n>=2  1 branch(es)  [35/6, 28/55, 121/2, 3/7, 12/11]
  line  8505  DECIDED  n>=3  1 branch(es)  [35/6, 28/55, 121/2, 3/7, 125/11]
  line  8506  DECIDED  n>=3  1 branch(es)  [35/6, 28/55, 121/2, 3/7, 14/11]
  line  8507  DECIDED  n>=0  1 branch(es)  [35/6, 28/55, 121/2, 3/7, 15/11]
  line  8508  DECIDED  n>=3  1 branch(es)  [35/6, 28/55, 121/2, 3/7, 175/11]
  line  8509  DECIDED  n>=2  2 branch(es)  [35/6, 28/55, 121/2, 3/7, 18/11]
  line  8510  DECIDED  n>=3  1 branch(es)  [35/6, 28/55, 121/2, 3/7, 20/11]
  line  8511  DECIDED  n>=3  2 branch(es)  [35/6, 28/55, 121/2, 3/7, 245/11]
  line  8512  DECIDED  n>=3  1 branch(es)  [35/6, 28/55, 121/2, 3/7, 25/11]
  line  8513  DECIDED  n>=3  1 branch(es)  [35/6, 28/55, 121/2, 3/7, 28/11]
  line  8514  DECIDED  n>=3  1 branch(es)  [35/6, 28/55, 121/2, 3/7, 30/11]
  line  8515  DECIDED  n>=2  1 branch(es)  [35/6, 28/55, 121/2, 3/7, 35/11]
  line  8516  DECIDED  n>=3  2 branch(es)  [35/6, 28/55, 121/2, 3/7, 42/11]
  line  8517  DECIDED  n>=3  1 branch(es)  [35/6, 28/55, 121/2, 3/7, 5/11, 1/3]
  line  8518  DECIDED  n>=3  1 branch(es)  [35/6, 28/55, 121/2, 3/7, 5/11, 1/5]
  line  8519  DECIDED  n>=3  1 branch(es)  [35/6, 28/55, 121/2, 3/7, 5/11]
  line  8520  DECIDED  n>=3  1 branch(es)  [35/6, 28/55, 121/2, 3/7, 50/11]
  line  8521  DECIDED  n>=2  1 branch(es)  [35/6, 28/55, 121/2, 3/7, 6/11]
  line  8522  DECIDED  n>=2  1 branch(es)  [35/6, 28/55, 121/2, 3/7, 70/11]
  line  8523  DECIDED  n>=3  1 branch(es)  [35/6, 28/55, 121/2, 3/7, 75/11]
  line  8526  DECIDED  n>=3  1 branch(es)  [35/6, 28/55, 1331/2, 3/7, 10/11]
  line  8527  DECIDED  n>=3  1 branch(es)  [35/6, 28/55, 1331/2, 3/7, 14/11]
  line  8528  DECIDED  n>=1  1 branch(es)  [35/6, 28/55, 1331/2, 3/7, 15/11]
  line  8529  DECIDED  n>=2  1 branch(es)  [35/6, 28/55, 1331/2, 3/7, 25/11]
  line  8530  DECIDED  n>=2  1 branch(es)  [35/6, 28/55, 1331/2, 3/7, 35/11]
  line  8531  DECIDED  n>=3  1 branch(es)  [35/6, 28/55, 1331/2, 3/7, 5/11]
  line  8532  DECIDED  n>=3  1 branch(es)  [35/6, 28/55, 1331/2, 3/7, 5/121]
  line  8533  DECIDED  n>=2  1 branch(es)  [35/6, 28/55, 1331/2, 3/7, 6/11]
  line  8538  DECIDED  n>=3  1 branch(es)  [35/6, 28/55, 14641/2, 3/7, 5/11]
  line  8569  DECIDED  n>=1  1 branch(es)  [35/6, 3/385, 28/5, 77/2, 15/7]
  line  8572  DECIDED  n>=2  1 branch(es)  [35/6, 3/385, 4/5, 121/2, 15/11]
  line  8575  DECIDED  n>=2  1 branch(es)  [35/6, 3/385, 4/5, 77/2, 15/7]
  line  8592  DECIDED  n>=1  1 branch(es)  [35/6, 3025/2, 4/385, 3/5, 2/11]
  line  8626  DECIDED  n>=2  1 branch(es)  [35/6, 4/165, 77/2, 3/7, 20/11]
  line  8627  DECIDED  n>=2  1 branch(es)  [35/6, 4/165, 77/2, 3/7, 28/11]
  line  8629  DECIDED  n>=3  1 branch(es)  [35/6, 4/165, 77/2, 3/7, 8/11]
  line  8635  DECIDED  n>=3  2 branch(es)  [35/6, 4/385, 3025/2, 3/5, 2/11]
  line  8637  DECIDED  n>=2  1 branch(es)  [35/6, 4/385, 55/2, 3/5, 4/11]
  line  8638  DECIDED  n>=2  2 branch(es)  [35/6, 4/385, 55/2, 3/5, 8/11]
  line  8645  DECIDED  n>=3  2 branch(es)  [35/6, 4/385, 605/2, 9/5, 2/11]
  line  8662  DECIDED  n>=2  1 branch(es)  [35/6, 4/55, 102487/2, 3/7, 2/11]
  line  8663  DECIDED  n>=1  1 branch(es)  [35/6, 4/55, 102487/2, 3/7, 5/11]
  line  8664  DECIDED  n>=3  1 branch(es)  [35/6, 4/55, 102487/2, 3/7, 5/3]
  line  8677  DECIDED  n>=2  1 branch(es)  [35/6, 4/55, 11/2, 3/7, 168/11]
  line  8679  DECIDED  n>=1  1 branch(es)  [35/6, 4/55, 11/2, 3/7, 196/11]
  line  8681  DECIDED  n>=2  1 branch(es)  [35/6, 4/55, 11/2, 3/7, 2450/11]
  line  8688  DECIDED  n>=3  1 branch(es)  [35/6, 4/55, 11/2, 3/7, 392/11]
  line  8689  DECIDED  n>=1  1 branch(es)  [35/6, 4/55, 11/2, 3/7, 420/11]
  line  8691  DECIDED  n>=2  1 branch(es)  [35/6, 4/55, 11/2, 3/7, 490/11]
  line  8698  DECIDED  n>=2  1 branch(es)  [35/6, 4/55, 11/2, 3/7, 72/11]
  line  8699  DECIDED  n>=1  1 branch(es)  [35/6, 4/55, 11/2, 3/7, 84/11]
  line  8700  DECIDED  n>=2  1 branch(es)  [35/6, 4/55, 11/2, 3/7, 980/11]
    ... 8700/21233 scanned, 908 decided, 11572s
  line  8701  DECIDED  n>=2  2 branch(es)  [35/6, 4/55, 11/2, 9/49, 12/11]
  line  8783  DECIDED  n>=2  2 branch(es)  [35/6, 4/55, 121/2, 9/7, 105/11]
  line  8784  DECIDED  n>=2  1 branch(es)  [35/6, 4/55, 121/2, 9/7, 12/11]
  line  8786  DECIDED  n>=3  1 branch(es)  [35/6, 4/55, 121/2, 9/7, 15/11]
  line  8787  DECIDED  n>=3  1 branch(es)  [35/6, 4/55, 121/2, 9/7, 175/11]
  line  8788  DECIDED  n>=2  2 branch(es)  [35/6, 4/55, 121/2, 9/7, 18/11]
  line  8789  DECIDED  n>=1  1 branch(es)  [35/6, 4/55, 121/2, 9/7, 245/11]
  line  8790  DECIDED  n>=2  1 branch(es)  [35/6, 4/55, 121/2, 9/7, 28/11]
  line  8791  DECIDED  n>=3  1 branch(es)  [35/6, 4/55, 121/2, 9/7, 30/11]
  line  8792  DECIDED  n>=2  1 branch(es)  [35/6, 4/55, 121/2, 9/7, 35/11]
  line  8793  DECIDED  n>=1  1 branch(es)  [35/6, 4/55, 121/2, 9/7, 42/11]
  line  8794  DECIDED  n>=2  1 branch(es)  [35/6, 4/55, 121/2, 9/7, 6/11]
  line  8795  DECIDED  n>=2  1 branch(es)  [35/6, 4/55, 121/2, 9/7, 70/11]
  line  8796  DECIDED  n>=3  1 branch(es)  [35/6, 4/55, 121/2, 9/7, 75/11]
  line  8797  DECIDED  n>=1  2 branch(es)  [35/6, 4/55, 121/2, 9/7, 98/11]
  line  8820  DECIDED  n>=2  1 branch(es)  [35/6, 4/55, 1331/2, 9/7, 14/11]
  line  8821  DECIDED  n>=2  1 branch(es)  [35/6, 4/55, 1331/2, 9/7, 15/11]
  line  8822  DECIDED  n>=2  1 branch(es)  [35/6, 4/55, 1331/2, 9/7, 35/11]
  line  8823  DECIDED  n>=2  1 branch(es)  [35/6, 4/55, 1331/2, 9/7, 6/11]
  line  9002  DECIDED  n>=1  1 branch(es)  [35/6, 4/55, 77/2, 3/49, 12/11]
  line  9005  DECIDED  n>=2  1 branch(es)  [35/6, 4/55, 77/2, 3/49, 70/11]
  line  9015  DECIDED  n>=3  1 branch(es)  [35/6, 4/55, 847/2, 3/7, 10/11]
  line  9016  DECIDED  n>=2  1 branch(es)  [35/6, 4/55, 847/2, 3/7, 10/33]
  line  9017  DECIDED  n>=1  1 branch(es)  [35/6, 4/55, 847/2, 3/7, 12/11]
  line  9018  DECIDED  n>=2  1 branch(es)  [35/6, 4/55, 847/2, 3/7, 125/11]
  line  9019  DECIDED  n>=3  1 branch(es)  [35/6, 4/55, 847/2, 3/7, 125/3]
  line  9021  DECIDED  n>=3  1 branch(es)  [35/6, 4/55, 847/2, 3/7, 14/33]
  line  9022  DECIDED  n>=1  1 branch(es)  [35/6, 4/55, 847/2, 3/7, 175/11]
  line  9023  DECIDED  n>=2  1 branch(es)  [35/6, 4/55, 847/2, 3/7, 2/11, 1/3]
  line  9024  DECIDED  n>=2  1 branch(es)  [35/6, 4/55, 847/2, 3/7, 2/11, 1/5]
  line  9025  DECIDED  n>=2  1 branch(es)  [35/6, 4/55, 847/2, 3/7, 2/11]
  line  9026  DECIDED  n>=3  1 branch(es)  [35/6, 4/55, 847/2, 3/7, 20/11]
  line  9027  DECIDED  n>=2  1 branch(es)  [35/6, 4/55, 847/2, 3/7, 245/11]
  line  9028  DECIDED  n>=2  1 branch(es)  [35/6, 4/55, 847/2, 3/7, 25/11]
  line  9029  DECIDED  n>=2  1 branch(es)  [35/6, 4/55, 847/2, 3/7, 25/3]
  line  9030  DECIDED  n>=3  1 branch(es)  [35/6, 4/55, 847/2, 3/7, 25/33]
  line  9031  DECIDED  n>=1  1 branch(es)  [35/6, 4/55, 847/2, 3/7, 28/11]
  line  9032  DECIDED  n>=1  1 branch(es)  [35/6, 4/55, 847/2, 3/7, 30/11]
  line  9033  DECIDED  n>=3  2 branch(es)  [35/6, 4/55, 847/2, 3/7, 35/11]
  line  9034  DECIDED  n>=2  1 branch(es)  [35/6, 4/55, 847/2, 3/7, 35/33]
  line  9035  DECIDED  n>=2  1 branch(es)  [35/6, 4/55, 847/2, 3/7, 4/11]
  line  9036  DECIDED  n>=2  1 branch(es)  [35/6, 4/55, 847/2, 3/7, 4/121]
  line  9037  DECIDED  n>=3  1 branch(es)  [35/6, 4/55, 847/2, 3/7, 4/33]
  line  9038  DECIDED  n>=2  1 branch(es)  [35/6, 4/55, 847/2, 3/7, 42/11]
  line  9039  DECIDED  n>=1  1 branch(es)  [35/6, 4/55, 847/2, 3/7, 5/11, 1/3]
  line  9040  DECIDED  n>=1  1 branch(es)  [35/6, 4/55, 847/2, 3/7, 5/11, 1/5]
  line  9041  DECIDED  n>=1  1 branch(es)  [35/6, 4/55, 847/2, 3/7, 5/11]
  line  9042  DECIDED  n>=3  1 branch(es)  [35/6, 4/55, 847/2, 3/7, 5/3, 1/11]
  line  9043  DECIDED  n>=3  1 branch(es)  [35/6, 4/55, 847/2, 3/7, 5/3, 1/5]
  line  9044  DECIDED  n>=3  1 branch(es)  [35/6, 4/55, 847/2, 3/7, 5/3]
  line  9045  DECIDED  n>=3  1 branch(es)  [35/6, 4/55, 847/2, 3/7, 5/33]
  line  9046  DECIDED  n>=3  1 branch(es)  [35/6, 4/55, 847/2, 3/7, 50/11]
  line  9047  DECIDED  n>=3  2 branch(es)  [35/6, 4/55, 847/2, 3/7, 6/11]
  line  9048  DECIDED  n>=1  1 branch(es)  [35/6, 4/55, 847/2, 3/7, 70/11]
  line  9049  DECIDED  n>=2  1 branch(es)  [35/6, 4/55, 847/2, 3/7, 8/11]
  line  9050  DECIDED  n>=2  1 branch(es)  [35/6, 4/55, 847/2, 3/7, 98/11]
  line  9059  DECIDED  n>=2  1 branch(es)  [35/6, 4/55, 847/2, 9/49, 5/11]
  line  9060  DECIDED  n>=1  1 branch(es)  [35/6, 4/55, 9317/2, 3/7, 10/11]
  line  9061  DECIDED  n>=2  1 branch(es)  [35/6, 4/55, 9317/2, 3/7, 14/11]
  line  9062  DECIDED  n>=3  1 branch(es)  [35/6, 4/55, 9317/2, 3/7, 15/11]
  line  9063  DECIDED  n>=2  1 branch(es)  [35/6, 4/55, 9317/2, 3/7, 2/11]
  line  9064  DECIDED  n>=2  1 branch(es)  [35/6, 4/55, 9317/2, 3/7, 2/121]
  line  9065  DECIDED  n>=3  1 branch(es)  [35/6, 4/55, 9317/2, 3/7, 25/11]
  line  9066  DECIDED  n>=2  1 branch(es)  [35/6, 4/55, 9317/2, 3/7, 25/3]
  line  9067  DECIDED  n>=1  1 branch(es)  [35/6, 4/55, 9317/2, 3/7, 35/11]
  line  9068  DECIDED  n>=2  1 branch(es)  [35/6, 4/55, 9317/2, 3/7, 4/11]
  line  9069  DECIDED  n>=1  1 branch(es)  [35/6, 4/55, 9317/2, 3/7, 5/11]
  line  9070  DECIDED  n>=3  1 branch(es)  [35/6, 4/55, 9317/2, 3/7, 5/121]
  line  9071  DECIDED  n>=3  1 branch(es)  [35/6, 4/55, 9317/2, 3/7, 5/3]
  line  9072  DECIDED  n>=3  1 branch(es)  [35/6, 4/55, 9317/2, 3/7, 5/33]
  line  9073  DECIDED  n>=1  1 branch(es)  [35/6, 4/55, 9317/2, 3/7, 6/11]
  line  9172  DECIDED  n>=2  1 branch(es)  [35/6, 55/2, 4/231, 3/5, 20/11]
  line  9173  DECIDED  n>=2  1 branch(es)  [35/6, 55/2, 4/231, 3/5, 28/11]
  line  9175  DECIDED  n>=3  1 branch(es)  [35/6, 55/2, 4/231, 3/5, 8/11]
  line  9177  DECIDED  n>=1  2 branch(es)  [35/6, 55/2, 4/385, 3/5, 28/11]
  line  9178  DECIDED  n>=2  1 branch(es)  [35/6, 55/2, 4/385, 3/5, 4/11]
  line  9179  DECIDED  n>=2  2 branch(es)  [35/6, 55/2, 4/385, 3/5, 8/11]
  line  9180  DECIDED  n>=1  1 branch(es)  [35/6, 55/2, 4/77, 3/25, 12/11]
  line  9183  DECIDED  n>=2  1 branch(es)  [35/6, 55/2, 4/77, 3/25, 70/11]
  line  9197  DECIDED  n>=2  1 branch(es)  [35/6, 55/2, 8/385, 3/5, 4/11]
  line  9220  DECIDED  n>=2  2 branch(es)  [35/6, 56/55, 11/2, 3/7, 10/11]
  line  9227  DECIDED  n>=3  2 branch(es)  [35/6, 56/55, 121/2, 3/7, 10/11]
  line  9228  DECIDED  n>=3  2 branch(es)  [35/6, 56/55, 121/2, 3/7, 14/11]
  line  9229  DECIDED  n>=3  1 branch(es)  [35/6, 56/55, 121/2, 3/7, 15/11]
  line  9230  DECIDED  n>=3  2 branch(es)  [35/6, 56/55, 121/2, 3/7, 25/11]
  line  9231  DECIDED  n>=2  2 branch(es)  [35/6, 56/55, 121/2, 3/7, 35/11]
  line  9232  DECIDED  n>=3  2 branch(es)  [35/6, 56/55, 121/2, 3/7, 5/11]
  line  9233  DECIDED  n>=2  2 branch(es)  [35/6, 56/55, 121/2, 3/7, 6/11]
  line  9235  DECIDED  n>=3  2 branch(es)  [35/6, 56/55, 1331/2, 3/7, 5/11]
  line  9283  DECIDED  n>=1  1 branch(es)  [35/6, 605/2, 4/385, 9/5, 2/11]
  line  9291  DECIDED  n>=2  1 branch(es)  [35/6, 605/2, 4/77, 3/5, 10/11]
  line  9292  DECIDED  n>=3  1 branch(es)  [35/6, 605/2, 4/77, 3/5, 10/33]
  line  9293  DECIDED  n>=1  1 branch(es)  [35/6, 605/2, 4/77, 3/5, 12/11]
  line  9294  DECIDED  n>=1  1 branch(es)  [35/6, 605/2, 4/77, 3/5, 14/11]
  line  9295  DECIDED  n>=2  1 branch(es)  [35/6, 605/2, 4/77, 3/5, 14/33]
  line  9296  DECIDED  n>=1  1 branch(es)  [35/6, 605/2, 4/77, 3/5, 175/11]
  line  9297  DECIDED  n>=2  1 branch(es)  [35/6, 605/2, 4/77, 3/5, 2/11, 1/3]
  line  9298  DECIDED  n>=2  1 branch(es)  [35/6, 605/2, 4/77, 3/5, 2/11, 1/7]
  line  9299  DECIDED  n>=2  1 branch(es)  [35/6, 605/2, 4/77, 3/5, 2/11]
  line  9300  DECIDED  n>=1  1 branch(es)  [35/6, 605/2, 4/77, 3/5, 20/11]
    ... 9300/21233 scanned, 1008 decided, 13321s
  line  9301  DECIDED  n>=1  1 branch(es)  [35/6, 605/2, 4/77, 3/5, 245/11]
  line  9302  DECIDED  n>=1  1 branch(es)  [35/6, 605/2, 4/77, 3/5, 28/11]
  line  9303  DECIDED  n>=1  1 branch(es)  [35/6, 605/2, 4/77, 3/5, 30/11]
  line  9304  DECIDED  n>=1  1 branch(es)  [35/6, 605/2, 4/77, 3/5, 343/11]
  line  9305  DECIDED  n>=1  1 branch(es)  [35/6, 605/2, 4/77, 3/5, 343/3]
  line  9306  DECIDED  n>=1  1 branch(es)  [35/6, 605/2, 4/77, 3/5, 35/11]
  line  9307  DECIDED  n>=2  1 branch(es)  [35/6, 605/2, 4/77, 3/5, 35/33]
  line  9308  DECIDED  n>=1  1 branch(es)  [35/6, 605/2, 4/77, 3/5, 4/11]
  line  9309  DECIDED  n>=1  1 branch(es)  [35/6, 605/2, 4/77, 3/5, 4/121]
  line  9310  DECIDED  n>=3  1 branch(es)  [35/6, 605/2, 4/77, 3/5, 4/33]
  line  9311  DECIDED  n>=1  1 branch(es)  [35/6, 605/2, 4/77, 3/5, 42/11]
  line  9312  DECIDED  n>=1  1 branch(es)  [35/6, 605/2, 4/77, 3/5, 49/11]
  line  9313  DECIDED  n>=2  1 branch(es)  [35/6, 605/2, 4/77, 3/5, 49/3]
  line  9314  DECIDED  n>=2  1 branch(es)  [35/6, 605/2, 4/77, 3/5, 49/33]
  line  9315  DECIDED  n>=1  1 branch(es)  [35/6, 605/2, 4/77, 3/5, 50/11]
  line  9316  DECIDED  n>=1  1 branch(es)  [35/6, 605/2, 4/77, 3/5, 6/11]
  line  9317  DECIDED  n>=1  1 branch(es)  [35/6, 605/2, 4/77, 3/5, 7/11, 1/3]
  line  9318  DECIDED  n>=1  1 branch(es)  [35/6, 605/2, 4/77, 3/5, 7/11, 1/7]
  line  9319  DECIDED  n>=1  1 branch(es)  [35/6, 605/2, 4/77, 3/5, 7/11]
  line  9320  DECIDED  n>=3  1 branch(es)  [35/6, 605/2, 4/77, 3/5, 7/3, 1/11]
  line  9321  DECIDED  n>=3  1 branch(es)  [35/6, 605/2, 4/77, 3/5, 7/3, 1/7]
  line  9322  DECIDED  n>=3  1 branch(es)  [35/6, 605/2, 4/77, 3/5, 7/3]
  line  9323  DECIDED  n>=3  1 branch(es)  [35/6, 605/2, 4/77, 3/5, 7/33]
  line  9324  DECIDED  n>=1  1 branch(es)  [35/6, 605/2, 4/77, 3/5, 70/11]
  line  9325  DECIDED  n>=2  1 branch(es)  [35/6, 605/2, 4/77, 3/5, 8/11]
  line  9326  DECIDED  n>=1  1 branch(es)  [35/6, 605/2, 4/77, 3/5, 98/11]
  line  9335  DECIDED  n>=1  1 branch(es)  [35/6, 605/2, 4/77, 9/25, 7/11]
  line  9344  DECIDED  n>=2  2 branch(es)  [35/6, 605/2, 8/385, 3/5, 2/11]
  line  9366  DECIDED  n>=2  1 branch(es)  [35/6, 6655/2, 4/77, 3/5, 10/11]
  line  9367  DECIDED  n>=1  1 branch(es)  [35/6, 6655/2, 4/77, 3/5, 14/11]
  line  9368  DECIDED  n>=2  1 branch(es)  [35/6, 6655/2, 4/77, 3/5, 2/11]
  line  9369  DECIDED  n>=2  1 branch(es)  [35/6, 6655/2, 4/77, 3/5, 2/121]
  line  9370  DECIDED  n>=1  1 branch(es)  [35/6, 6655/2, 4/77, 3/5, 21/11]
  line  9371  DECIDED  n>=1  1 branch(es)  [35/6, 6655/2, 4/77, 3/5, 35/11]
  line  9372  DECIDED  n>=1  1 branch(es)  [35/6, 6655/2, 4/77, 3/5, 4/11]
  line  9373  DECIDED  n>=1  1 branch(es)  [35/6, 6655/2, 4/77, 3/5, 49/11]
  line  9374  DECIDED  n>=2  1 branch(es)  [35/6, 6655/2, 4/77, 3/5, 49/3]
  line  9375  DECIDED  n>=1  1 branch(es)  [35/6, 6655/2, 4/77, 3/5, 6/11]
  line  9376  DECIDED  n>=1  1 branch(es)  [35/6, 6655/2, 4/77, 3/5, 7/11]
  line  9377  DECIDED  n>=1  1 branch(es)  [35/6, 6655/2, 4/77, 3/5, 7/121]
  line  9378  DECIDED  n>=3  1 branch(es)  [35/6, 6655/2, 4/77, 3/5, 7/3]
  line  9379  DECIDED  n>=3  1 branch(es)  [35/6, 6655/2, 4/77, 3/5, 7/33]
  line  9384  DECIDED  n>=2  1 branch(es)  [35/6, 6655/2, 4/847, 3/5, 2/11]
  line  9385  DECIDED  n>=1  1 branch(es)  [35/6, 6655/2, 4/847, 3/5, 7/11]
  line  9386  DECIDED  n>=3  1 branch(es)  [35/6, 6655/2, 4/847, 3/5, 7/3]
  line  9424  DECIDED  n>=2  1 branch(es)  [35/6, 73205/2, 4/77, 3/5, 2/11]
  line  9425  DECIDED  n>=1  1 branch(es)  [35/6, 73205/2, 4/77, 3/5, 7/11]
  line  9426  DECIDED  n>=3  1 branch(es)  [35/6, 73205/2, 4/77, 3/5, 7/3]
  line  9456  DECIDED  n>=1  2 branch(es)  [35/6, 8/25, 1/35, 121/2, 45/11]
  line  9457  DECIDED  n>=1  2 branch(es)  [35/6, 8/25, 121/2, 1/35, 45/11]
  line  9458  DECIDED  n>=1  2 branch(es)  [35/6, 8/25, 121/2, 3/35, 15/11]
  line  9459  DECIDED  n>=1  2 branch(es)  [35/6, 8/25, 3/35, 121/2, 15/11]
  line  9465  DECIDED  n>=2  1 branch(es)  [35/6, 8/385, 55/2, 3/5, 4/11]
  line  9466  DECIDED  n>=2  2 branch(es)  [35/6, 8/385, 605/2, 3/5, 2/11]
  line  9494  DECIDED  n>=2  2 branch(es)  [35/6, 8/55, 11/2, 9/7, 28/11]
  line  9516  DECIDED  n>=3  2 branch(es)  [35/6, 8/55, 121/2, 9/7, 15/11]
  line  9517  DECIDED  n>=2  2 branch(es)  [35/6, 8/55, 121/2, 9/7, 35/11]
  line  9518  DECIDED  n>=2  2 branch(es)  [35/6, 8/55, 121/2, 9/7, 6/11]
  line  9613  DECIDED  n>=2  1 branch(es)  [35/6, 9/385, 4/5, 77/2, 25/7]
  line  9615  DECIDED  n>=2  1 branch(es)  [35/6, 9/55, 16/5, 11/7, 15/2]
  line  9616  DECIDED  n>=1  1 branch(es)  [35/6, 9/55, 16/5, 11/7, 35/2]
  line  9617  DECIDED  n>=3  2 branch(es)  [35/6, 9/55, 4/35, 11/7, 245/2]
  line  9618  DECIDED  n>=3  2 branch(es)  [35/6, 9/55, 4/5, 11/49, 245/2]
  line  9622  DECIDED  n>=1  2 branch(es)  [35/6, 9/55, 8/5, 11/7, 245/2]
  line  9627  DECIDED  n>=3  2 branch(es)  [35/6, 9/605, 4/5, 11/7, 245/2]
  line  9628  DECIDED  n>=3  2 branch(es)  [35/6, 9/605, 4/5, 11/7, 385/2]
  line  9694  DECIDED  n>=1  1 branch(es)  [36/35, 5/22, 2401/2, 11/3, 5/7]
  line  9695  DECIDED  n>=1  1 branch(es)  [36/35, 5/22, 343/2, 11/3, 10/7]
  line  9696  DECIDED  n>=1  1 branch(es)  [36/35, 5/22, 343/2, 11/3, 15/7]
  line  9697  DECIDED  n>=1  1 branch(es)  [36/35, 5/22, 343/2, 11/3, 22/7]
  line  9698  DECIDED  n>=1  1 branch(es)  [36/35, 5/22, 343/2, 11/3, 25/7]
  line  9699  DECIDED  n>=1  1 branch(es)  [36/35, 5/22, 343/2, 11/3, 5/49]
  line  9700  DECIDED  n>=1  1 branch(es)  [36/35, 5/22, 343/2, 11/3, 5/7]
    ... 9700/21233 scanned, 1081 decided, 15466s
  line  9701  DECIDED  n>=1  1 branch(es)  [36/35, 5/22, 343/2, 11/3, 55/7]
  line  9702  DECIDED  n>=2  1 branch(es)  [36/35, 5/22, 343/2, 11/3, 6/7]
  line  9707  DECIDED  n>=3  1 branch(es)  [36/35, 5/22, 49/2, 11/3, 10/49]
  line  9708  DECIDED  n>=1  1 branch(es)  [36/35, 5/22, 49/2, 11/3, 10/7]
  line  9709  DECIDED  n>=3  1 branch(es)  [36/35, 5/22, 49/2, 11/3, 110/7]
  line  9710  DECIDED  n>=2  1 branch(es)  [36/35, 5/22, 49/2, 11/3, 12/7]
  line  9711  DECIDED  n>=3  1 branch(es)  [36/35, 5/22, 49/2, 11/3, 125/7]
  line  9712  DECIDED  n>=3  2 branch(es)  [36/35, 5/22, 49/2, 11/3, 15/7]
  line  9713  DECIDED  n>=1  1 branch(es)  [36/35, 5/22, 49/2, 11/3, 165/7]
  line  9715  DECIDED  n>=1  1 branch(es)  [36/35, 5/22, 49/2, 11/3, 20/7]
  line  9716  DECIDED  n>=1  1 branch(es)  [36/35, 5/22, 49/2, 11/3, 22/7]
  line  9717  DECIDED  n>=2  2 branch(es)  [36/35, 5/22, 49/2, 11/3, 242/7]
  line  9718  DECIDED  n>=3  1 branch(es)  [36/35, 5/22, 49/2, 11/3, 25/7]
  line  9719  DECIDED  n>=0  1 branch(es)  [36/35, 5/22, 49/2, 11/3, 275/7]
  line  9720  DECIDED  n>=1  1 branch(es)  [36/35, 5/22, 49/2, 11/3, 30/7]
  line  9721  DECIDED  n>=1  1 branch(es)  [36/35, 5/22, 49/2, 11/3, 44/7]
  line  9722  DECIDED  n>=1  1 branch(es)  [36/35, 5/22, 49/2, 11/3, 45/7]
  line  9723  DECIDED  n>=1  1 branch(es)  [36/35, 5/22, 49/2, 11/3, 5/7, 1/11]
  line  9724  DECIDED  n>=1  1 branch(es)  [36/35, 5/22, 49/2, 11/3, 5/7, 1/5]
  line  9725  DECIDED  n>=1  1 branch(es)  [36/35, 5/22, 49/2, 11/3, 5/7]
  line  9726  DECIDED  n>=3  1 branch(es)  [36/35, 5/22, 49/2, 11/3, 50/7]
  line  9727  DECIDED  n>=2  2 branch(es)  [36/35, 5/22, 49/2, 11/3, 55/7]
  line  9728  DECIDED  n>=2  1 branch(es)  [36/35, 5/22, 49/2, 11/3, 6/7]
  line  9729  DECIDED  n>=3  2 branch(es)  [36/35, 5/22, 49/2, 11/3, 66/7]
  line  9730  DECIDED  n>=0  1 branch(es)  [36/35, 5/22, 49/2, 11/3, 75/7]
  line  9731  DECIDED  n>=1  1 branch(es)  [36/35, 5/22, 49/2, 121/9, 5/7]
  line  9745  DECIDED  n>=1  1 branch(es)  [36/35, 5/242, 49/2, 121/3, 5/7]
  line  9759  DECIDED  n>=2  1 branch(es)  [36/35, 5/33, 343/3, 11/2, 15/11]
  line  9760  DECIDED  n>=2  1 branch(es)  [36/35, 5/33, 49/3, 11/2, 15/11]
  line  9761  DECIDED  n>=2  1 branch(es)  [36/35, 5/33, 49/3, 11/2, 45/11]
  line  9762  DECIDED  n>=2  1 branch(es)  [36/35, 5/33, 49/3, 11/2, 75/11]
  line  9770  DECIDED  n>=1  1 branch(es)  [36/35, 5/66, 7/2, 33/7, 10/3]
  line  9784  DECIDED  n>=0  1 branch(es)  [36/385, 1/5, 245/2, 11/21, 55/7]
  line  9785  DECIDED  n>=1  1 branch(es)  [36/385, 175/2, 1/7, 11/15, 77/5]
  line  9786  DECIDED  n>=2  1 branch(es)  [36/385, 7/10, 11/2, 5/3, 42/11]
  line  9791  DECIDED  n>=0  1 branch(es)  [36/5, 25/231, 7/3, 11/14, 55/2]
  line  9792  DECIDED  n>=0  1 branch(es)  [36/5, 25/63, 11/3, 7/22, 35/2]
  line  9897  DECIDED  n>=1  1 branch(es)  [4/105, 135/2, 11/5, 49/33, 5/7]
  line  9901  DECIDED  n>=1  1 branch(es)  [4/105, 135/2, 121/5, 7/33, 5/7]
  line  9910  DECIDED  n>=3  2 branch(es)  [4/105, 15/22, 147/2, 121/3, 2/7]
  line  9911  DECIDED  n>=1  1 branch(es)  [4/105, 15/22, 21/2, 11/3, 20/7]
  line  9912  DECIDED  n>=2  1 branch(es)  [4/105, 15/22, 21/2, 11/3, 4/7]
  line  9913  DECIDED  n>=1  1 branch(es)  [4/105, 15/22, 21/2, 11/3, 8/7]
  line  9917  DECIDED  n>=3  2 branch(es)  [4/105, 15/22, 441/2, 11/3, 2/7]
  line  9930  DECIDED  n>=2  2 branch(es)  [4/105, 297/2, 5/3, 7/55, 33/5]
  line  9931  DECIDED  n>=2  1 branch(es)  [4/105, 3/22, 1225/2, 11/5, 10/7]
  line  9968  DECIDED  n>=2  1 branch(es)  [4/105, 45/2, 11/5, 49/33, 25/7]
  line  9969  DECIDED  n>=1  1 branch(es)  [4/105, 45/2, 11/5, 49/33, 5/7]
  line  9970  DECIDED  n>=1  1 branch(es)  [4/105, 45/2, 11/5, 49/33, 55/7]
  line  9976  DECIDED  n>=1  1 branch(es)  [4/105, 45/22, 147/2, 11/3, 2/7]
  line  9977  DECIDED  n>=1  1 branch(es)  [4/105, 45/22, 245/2, 11/5, 2/7]
  line  9978  DECIDED  n>=1  1 branch(es)  [4/105, 45/22, 35/2, 11/5, 4/7]
  line  9981  DECIDED  n>=2  1 branch(es)  [4/105, 45/22, 7/2, 11/3, 12/7]
  line  9982  DECIDED  n>=1  1 branch(es)  [4/105, 45/22, 7/2, 11/3, 44/7]
  line  9989  DECIDED  n>=2  1 branch(es)  [4/105, 495/2, 5/3, 7/55, 33/5]
  line  9990  DECIDED  n>=2  2 branch(es)  [4/105, 5/3, 297/2, 7/55, 33/5]
  line  9991  DECIDED  n>=2  1 branch(es)  [4/105, 5/3, 495/2, 7/55, 33/5]
  line 10020  DECIDED  n>=1  1 branch(es)  [4/105, 55/6, 539/2, 9/11, 2/7]
  line 10021  DECIDED  n>=2  1 branch(es)  [4/105, 55/6, 539/2, 9/11, 5/3]
  line 10024  DECIDED  n>=2  1 branch(es)  [4/105, 55/6, 7/2, 9/11, 44/7]
  line 10025  DECIDED  n>=1  2 branch(es)  [4/105, 55/6, 77/2, 3/11, 20/7]
  line 10026  DECIDED  n>=2  1 branch(es)  [4/105, 55/6, 77/2, 3/11, 4/7]
  line 10027  DECIDED  n>=2  1 branch(es)  [4/105, 55/6, 77/2, 3/11, 44/7]
  line 10028  DECIDED  n>=1  2 branch(es)  [4/105, 55/6, 77/2, 3/11, 8/7]
  line 10035  DECIDED  n>=3  2 branch(es)  [4/105, 605/6, 7/2, 3/11, 12/7]
  line 10046  DECIDED  n>=2  1 branch(es)  [4/105, 9/22, 175/2, 11/7, 21/5]
  line 10054  DECIDED  n>=2  1 branch(es)  [4/15, 1/1078, 21/2, 77/3, 50/7]
  line 10078  DECIDED  n>=1  1 branch(es)  [4/15, 1/14, 33/2, 7/3, 1250/77]
  line 10138  DECIDED  n>=1  1 branch(es)  [4/15, 1/154, 147/2, 847/3, 10/7]
  line 10141  DECIDED  n>=2  1 branch(es)  [4/15, 1/154, 21/2, 121/21, 50/11]
  line 10142  DECIDED  n>=2  1 branch(es)  [4/15, 1/154, 21/2, 121/3, 50/77]
  line 10143  DECIDED  n>=1  1 branch(es)  [4/15, 1/154, 21/2, 14641/3, 10/11]
  line 10161  DECIDED  n>=2  1 branch(es)  [4/15, 1/28, 33/2, 49/11, 100/7]
  line 10162  DECIDED  n>=2  1 branch(es)  [4/15, 1/28, 33/2, 49/11, 375/7]
  line 10163  DECIDED  n>=2  1 branch(es)  [4/15, 1/28, 363/2, 7/11, 100/7]
  line 10164  DECIDED  n>=2  1 branch(es)  [4/15, 1/28, 363/2, 7/11, 375/7]
  line 10172  DECIDED  n>=1  1 branch(es)  [4/15, 1/3, 11319/2, 5/539, 3/7]
  line 10173  DECIDED  n>=2  1 branch(es)  [4/15, 1/3, 11319/2, 5/539, 9/7]
  line 10190  DECIDED  n>=3  1 branch(es)  [4/15, 1/3, 33957/2, 5/539, 3/7]
  line 10192  DECIDED  n>=1  1 branch(es)  [4/15, 1/3, 79233/2, 5/539, 3/7]
  line 10193  DECIDED  n>=2  1 branch(es)  [4/15, 1/308, 21/2, 11/3, 100/7]
  line 10194  DECIDED  n>=2  1 branch(es)  [4/15, 1/308, 21/2, 11/3, 375/7]
  line 10239  DECIDED  n>=1  1 branch(es)  [4/15, 1029/2, 11/147, 25/11, 3/7]
  line 10245  DECIDED  n>=1  1 branch(es)  [4/15, 1029/2, 11/3, 25/539, 3/7]
  line 10248  DECIDED  n>=1  1 branch(es)  [4/15, 1029/2, 121/147, 5/11, 3/7]
  line 10276  DECIDED  n>=2  1 branch(es)  [4/15, 11319/2, 1/3, 5/539, 3/7]
  line 10277  DECIDED  n>=2  1 branch(es)  [4/15, 11319/2, 1/3, 5/539, 9/7]
  line 10319  DECIDED  n>=2  1 branch(es)  [4/15, 147/22, 125/2, 11/7, 14/5]
  line 10320  DECIDED  n>=2  1 branch(es)  [4/15, 147/22, 125/2, 11/7, 21/5]
  line 10321  DECIDED  n>=1  1 branch(es)  [4/15, 147/22, 125/2, 11/7, 22/5]
  line 10322  DECIDED  n>=1  1 branch(es)  [4/15, 147/22, 125/2, 11/7, 33/5]
  line 10343  DECIDED  n>=2  1 branch(es)  [4/15, 147/22, 25/2, 11/7, 14/5]
  line 10344  DECIDED  n>=1  1 branch(es)  [4/15, 147/22, 25/2, 11/7, 147/5]
  line 10345  DECIDED  n>=3  2 branch(es)  [4/15, 147/22, 25/2, 11/7, 154/5]
  line 10346  DECIDED  n>=2  1 branch(es)  [4/15, 147/22, 25/2, 11/7, 21/5]
  line 10347  DECIDED  n>=1  1 branch(es)  [4/15, 147/22, 25/2, 11/7, 22/5]
  line 10348  DECIDED  n>=0  1 branch(es)  [4/15, 147/22, 25/2, 11/7, 231/5]
  line 10349  DECIDED  n>=2  2 branch(es)  [4/15, 147/22, 25/2, 11/7, 242/5]
  line 10350  DECIDED  n>=2  1 branch(es)  [4/15, 147/22, 25/2, 11/7, 28/5]
  line 10351  DECIDED  n>=3  1 branch(es)  [4/15, 147/22, 25/2, 11/7, 33/5]
  line 10352  DECIDED  n>=2  1 branch(es)  [4/15, 147/22, 25/2, 11/7, 42/5]
  line 10353  DECIDED  n>=1  1 branch(es)  [4/15, 147/22, 25/2, 11/7, 44/5]
  line 10354  DECIDED  n>=3  1 branch(es)  [4/15, 147/22, 25/2, 11/7, 63/5]
  line 10355  DECIDED  n>=3  1 branch(es)  [4/15, 147/22, 25/2, 11/7, 66/5]
  line 10357  DECIDED  n>=3  1 branch(es)  [4/15, 147/22, 25/2, 11/7, 99/5]
  line 10364  DECIDED  n>=1  1 branch(es)  [4/15, 147/22, 5/2, 11/49, 44/5]
  line 10378  DECIDED  n>=0  1 branch(es)  [4/15, 1617/2, 7/9, 5/539, 2/7]
  line 10424  DECIDED  n>=1  1 branch(es)  [4/15, 3/1078, 245/2, 11/5, 6/7]
  line 10425  DECIDED  n>=2  1 branch(es)  [4/15, 3/1078, 35/2, 77/5, 6/7]
  line 10462  DECIDED  n>=2  1 branch(es)  [4/15, 3/14, 275/2, 49/11, 22/35]
  line 10463  DECIDED  n>=1  2 branch(es)  [4/15, 3/14, 275/2, 49/11, 22/5]
  line 10464  DECIDED  n>=1  2 branch(es)  [4/15, 3/14, 275/2, 49/11, 33/35]
  line 10465  DECIDED  n>=3  1 branch(es)  [4/15, 3/14, 275/2, 49/125, 2/11]
  line 10487  DECIDED  n>=2  1 branch(es)  [4/15, 3/14, 275/2, 7/5, 10/11, 1/3]
  line 10488  DECIDED  n>=2  1 branch(es)  [4/15, 3/14, 275/2, 7/5, 10/11, 1/7]
  line 10489  DECIDED  n>=2  1 branch(es)  [4/15, 3/14, 275/2, 7/5, 10/11]
  line 10499  DECIDED  n>=2  1 branch(es)  [4/15, 3/14, 3025/2, 7/11, 22/5]
  line 10500  DECIDED  n>=1  2 branch(es)  [4/15, 3/14, 3025/2, 7/11, 242/5]
    ... 10500/21233 scanned, 1199 decided, 22478s
  line 10501  DECIDED  n>=2  1 branch(es)  [4/15, 3/14, 3025/2, 7/5, 10/121]
  line 10541  DECIDED  n>=1  1 branch(es)  [4/15, 3/14, 605/2, 343/5, 10/11]
  line 10562  DECIDED  n>=2  1 branch(es)  [4/15, 3/154, 175/2, 77/5, 10/7]
  line 10563  DECIDED  n>=1  1 branch(es)  [4/15, 3/154, 245/2, 11/35, 6/7]
  line 10565  DECIDED  n>=2  1 branch(es)  [4/15, 3/154, 245/2, 11/5, 165/7]
  line 10566  DECIDED  n>=2  1 branch(es)  [4/15, 3/154, 245/2, 11/5, 44/7]
  line 10568  DECIDED  n>=1  1 branch(es)  [4/15, 3/154, 245/2, 121/5, 15/7]
  line 10569  DECIDED  n>=1  1 branch(es)  [4/15, 3/154, 245/2, 121/5, 4/7]
  line 10570  DECIDED  n>=1  1 branch(es)  [4/15, 3/154, 245/2, 847/5, 2/7]
  line 10575  DECIDED  n>=2  1 branch(es)  [4/15, 3/154, 35/2, 121/35, 6/11]
  line 10576  DECIDED  n>=2  1 branch(es)  [4/15, 3/154, 35/2, 121/5, 6/77]
  line 10578  DECIDED  n>=2  1 branch(es)  [4/15, 3/154, 35/2, 1331/5, 15/11]
  line 10579  DECIDED  n>=2  1 branch(es)  [4/15, 3/154, 35/2, 1331/5, 4/11]
  line 10580  DECIDED  n>=1  1 branch(es)  [4/15, 3/154, 35/2, 14641/5, 2/11]
  line 10584  DECIDED  n>=2  1 branch(es)  [4/15, 3/308, 35/2, 11/5, 12/7]
  line 10585  DECIDED  n>=2  1 branch(es)  [4/15, 3/308, 35/2, 11/5, 45/7]
  line 10610  DECIDED  n>=2  1 branch(es)  [4/15, 3/98, 275/2, 49/5, 10/11]
  line 10637  DECIDED  n>=1  1 branch(es)  [4/15, 33/14, 125/2, 49/11, 14/5]
  line 10638  DECIDED  n>=1  1 branch(es)  [4/15, 33/14, 125/2, 49/11, 21/5]
  line 10639  DECIDED  n>=1  1 branch(es)  [4/15, 33/14, 125/2, 49/11, 22/5]
  line 10640  DECIDED  n>=1  1 branch(es)  [4/15, 33/14, 125/2, 49/11, 33/5]
  line 10664  DECIDED  n>=0  1 branch(es)  [4/15, 33/14, 1375/2, 7/11, 14/5]
  line 10665  DECIDED  n>=1  1 branch(es)  [4/15, 33/14, 1375/2, 7/11, 2/25]
  line 10666  DECIDED  n>=1  1 branch(es)  [4/15, 33/14, 1375/2, 7/11, 2/5]
  line 10667  DECIDED  n>=3  1 branch(es)  [4/15, 33/14, 1375/2, 7/11, 21/5]
  line 10668  DECIDED  n>=1  1 branch(es)  [4/15, 33/14, 1375/2, 7/11, 22/5]
  line 10669  DECIDED  n>=3  1 branch(es)  [4/15, 33/14, 1375/2, 7/11, 3/25]
  line 10670  DECIDED  n>=2  1 branch(es)  [4/15, 33/14, 1375/2, 7/11, 3/35]
  line 10671  DECIDED  n>=1  1 branch(es)  [4/15, 33/14, 1375/2, 7/11, 3/5]
  line 10672  DECIDED  n>=2  1 branch(es)  [4/15, 33/14, 1375/2, 7/11, 3/7]
  line 10673  DECIDED  n>=1  1 branch(es)  [4/15, 33/14, 1375/2, 7/11, 33/5]
  line 10674  DECIDED  n>=1  1 branch(es)  [4/15, 33/14, 1375/2, 7/11, 4/5]
  line 10675  DECIDED  n>=1  1 branch(es)  [4/15, 33/14, 1375/2, 7/11, 6/5]
  line 10676  DECIDED  n>=3  1 branch(es)  [4/15, 33/14, 1375/2, 7/11, 9/5]
  line 10677  DECIDED  n>=1  1 branch(es)  [4/15, 33/14, 1375/2, 7/11, 9/7]
  line 10695  DECIDED  n>=1  1 branch(es)  [4/15, 33/14, 25/2, 49/11, 14/5]
  line 10696  DECIDED  n>=1  1 branch(es)  [4/15, 33/14, 25/2, 49/11, 154/5]
  line 10697  DECIDED  n>=3  1 branch(es)  [4/15, 33/14, 25/2, 49/11, 21/5]
  line 10699  DECIDED  n>=2  2 branch(es)  [4/15, 33/14, 25/2, 49/11, 231/5]
  line 10700  DECIDED  n>=1  2 branch(es)  [4/15, 33/14, 25/2, 49/11, 242/5]
    ... 10700/21233 scanned, 1239 decided, 22986s
  line 10701  DECIDED  n>=1  1 branch(es)  [4/15, 33/14, 25/2, 49/11, 28/5]
  line 10702  DECIDED  n>=1  1 branch(es)  [4/15, 33/14, 25/2, 49/11, 33/5]
  line 10703  DECIDED  n>=1  1 branch(es)  [4/15, 33/14, 25/2, 49/11, 363/5]
  line 10704  DECIDED  n>=3  1 branch(es)  [4/15, 33/14, 25/2, 49/11, 42/5]
  line 10705  DECIDED  n>=1  1 branch(es)  [4/15, 33/14, 25/2, 49/11, 44/5]
  line 10706  DECIDED  n>=3  1 branch(es)  [4/15, 33/14, 25/2, 49/11, 63/5]
  line 10707  DECIDED  n>=1  1 branch(es)  [4/15, 33/14, 25/2, 49/11, 66/5]
  line 10708  DECIDED  n>=2  2 branch(es)  [4/15, 33/14, 25/2, 49/11, 98/5]
  line 10709  DECIDED  n>=3  1 branch(es)  [4/15, 33/14, 25/2, 49/11, 99/5]
  line 10770  DECIDED  n>=1  1 branch(es)  [4/15, 33/14, 275/2, 49/121, 3/5]
  line 10774  DECIDED  n>=3  1 branch(es)  [4/15, 33/14, 275/2, 7/11, 12/5]
  line 10775  DECIDED  n>=3  2 branch(es)  [4/15, 33/14, 275/2, 7/11, 14/5]
  line 10776  DECIDED  n>=2  1 branch(es)  [4/15, 33/14, 275/2, 7/11, 154/5]
  line 10777  DECIDED  n>=3  1 branch(es)  [4/15, 33/14, 275/2, 7/11, 18/5]
  line 10778  DECIDED  n>=1  1 branch(es)  [4/15, 33/14, 275/2, 7/11, 2/5, 1/3]
  line 10779  DECIDED  n>=1  1 branch(es)  [4/15, 33/14, 275/2, 7/11, 2/5, 1/7]
  line 10780  DECIDED  n>=1  1 branch(es)  [4/15, 33/14, 275/2, 7/11, 2/5]
  line 10781  DECIDED  n>=2  1 branch(es)  [4/15, 33/14, 275/2, 7/11, 22/35]
  line 10783  DECIDED  n>=2  1 branch(es)  [4/15, 33/14, 275/2, 7/11, 242/5]
  line 10784  DECIDED  n>=2  1 branch(es)  [4/15, 33/14, 275/2, 7/11, 27/5]
  line 10785  DECIDED  n>=3  1 branch(es)  [4/15, 33/14, 275/2, 7/11, 27/7]
  line 10786  DECIDED  n>=1  1 branch(es)  [4/15, 33/14, 275/2, 7/11, 28/5]
  line 10787  DECIDED  n>=2  1 branch(es)  [4/15, 33/14, 275/2, 7/11, 3/35]
  line 10788  DECIDED  n>=1  1 branch(es)  [4/15, 33/14, 275/2, 7/11, 3/5, 1/3]
  line 10789  DECIDED  n>=1  1 branch(es)  [4/15, 33/14, 275/2, 7/11, 3/5, 1/7]
  line 10790  DECIDED  n>=1  1 branch(es)  [4/15, 33/14, 275/2, 7/11, 3/5]
  line 10791  DECIDED  n>=2  1 branch(es)  [4/15, 33/14, 275/2, 7/11, 3/7, 1/3]
  line 10792  DECIDED  n>=2  1 branch(es)  [4/15, 33/14, 275/2, 7/11, 3/7, 1/5]
  line 10793  DECIDED  n>=2  1 branch(es)  [4/15, 33/14, 275/2, 7/11, 3/7]
  line 10794  DECIDED  n>=1  1 branch(es)  [4/15, 33/14, 275/2, 7/11, 33/35]
  line 10795  DECIDED  n>=3  2 branch(es)  [4/15, 33/14, 275/2, 7/11, 33/5]
  line 10796  DECIDED  n>=2  1 branch(es)  [4/15, 33/14, 275/2, 7/11, 363/5]
  line 10797  DECIDED  n>=1  1 branch(es)  [4/15, 33/14, 275/2, 7/11, 4/25]
  line 10798  DECIDED  n>=2  1 branch(es)  [4/15, 33/14, 275/2, 7/11, 4/35]
  line 10799  DECIDED  n>=1  1 branch(es)  [4/15, 33/14, 275/2, 7/11, 4/5]
  line 10800  DECIDED  n>=1  1 branch(es)  [4/15, 33/14, 275/2, 7/11, 42/5]
    ... 10800/21233 scanned, 1275 decided, 24327s
  line 10801  DECIDED  n>=1  1 branch(es)  [4/15, 33/14, 275/2, 7/11, 44/5]
  line 10802  DECIDED  n>=1  1 branch(es)  [4/15, 33/14, 275/2, 7/11, 6/35]
  line 10803  DECIDED  n>=3  1 branch(es)  [4/15, 33/14, 275/2, 7/11, 6/5]
  line 10804  DECIDED  n>=1  1 branch(es)  [4/15, 33/14, 275/2, 7/11, 66/5]
  line 10805  DECIDED  n>=1  1 branch(es)  [4/15, 33/14, 275/2, 7/11, 8/5]
  line 10806  DECIDED  n>=3  1 branch(es)  [4/15, 33/14, 275/2, 7/11, 9/35]
  line 10807  DECIDED  n>=2  1 branch(es)  [4/15, 33/14, 275/2, 7/11, 9/5]
  line 10808  DECIDED  n>=1  1 branch(es)  [4/15, 33/14, 275/2, 7/11, 9/7]
  line 10809  DECIDED  n>=1  1 branch(es)  [4/15, 33/14, 275/2, 7/11, 99/5]
  line 10885  DECIDED  n>=0  2 branch(es)  [4/15, 33/14, 5/2, 49/121, 28/5]
  line 10887  DECIDED  n>=0  2 branch(es)  [4/15, 33/14, 5/2, 49/121, 66/5]
  line 10891  DECIDED  n>=3  1 branch(es)  [4/15, 33/14, 5/2, 7/11, 112/5]
  line 10892  DECIDED  n>=3  1 branch(es)  [4/15, 33/14, 5/2, 7/11, 132/5]
  line 10893  DECIDED  n>=0  1 branch(es)  [4/15, 33/14, 5/2, 7/11, 1452/5]
  line 10894  DECIDED  n>=0  1 branch(es)  [4/15, 33/14, 5/2, 7/11, 168/5]
  line 10895  DECIDED  n>=2  1 branch(es)  [4/15, 33/14, 5/2, 7/11, 176/5]
  line 10896  DECIDED  n>=1  1 branch(es)  [4/15, 33/14, 5/2, 7/11, 198/5]
  line 10897  DECIDED  n>=1  1 branch(es)  [4/15, 33/14, 5/2, 7/11, 2178/5]
  line 10898  DECIDED  n>=1  1 branch(es)  [4/15, 33/14, 5/2, 7/11, 252/5]
  line 10899  DECIDED  n>=3  1 branch(es)  [4/15, 33/14, 5/2, 7/11, 264/5]
  line 10900  DECIDED  n>=1  1 branch(es)  [4/15, 33/14, 5/2, 7/11, 28/5, 1/3]
    ... 10900/21233 scanned, 1296 decided, 24424s
  line 10901  DECIDED  n>=1  1 branch(es)  [4/15, 33/14, 5/2, 7/11, 28/5, 1/7]
  line 10902  DECIDED  n>=1  1 branch(es)  [4/15, 33/14, 5/2, 7/11, 28/5]
  line 10903  DECIDED  n>=1  1 branch(es)  [4/15, 33/14, 5/2, 7/11, 308/5]
  line 10904  DECIDED  n>=0  1 branch(es)  [4/15, 33/14, 5/2, 7/11, 392/5]
  line 10905  DECIDED  n>=1  1 branch(es)  [4/15, 33/14, 5/2, 7/11, 396/5]
  line 10906  DECIDED  n>=2  1 branch(es)  [4/15, 33/14, 5/2, 7/11, 44/5, 1/3]
  line 10907  DECIDED  n>=2  1 branch(es)  [4/15, 33/14, 5/2, 7/11, 44/5, 1/7]
  line 10908  DECIDED  n>=2  1 branch(es)  [4/15, 33/14, 5/2, 7/11, 44/5]
  line 10909  DECIDED  n>=1  1 branch(es)  [4/15, 33/14, 5/2, 7/11, 484/5]
  line 10910  DECIDED  n>=3  1 branch(es)  [4/15, 33/14, 5/2, 7/11, 56/5]
  line 10911  DECIDED  n>=1  1 branch(es)  [4/15, 33/14, 5/2, 7/11, 594/5]
  line 10912  DECIDED  n>=0  1 branch(es)  [4/15, 33/14, 5/2, 7/11, 616/5]
  line 10913  DECIDED  n>=1  1 branch(es)  [4/15, 33/14, 5/2, 7/11, 66/5, 1/3]
  line 10914  DECIDED  n>=1  1 branch(es)  [4/15, 33/14, 5/2, 7/11, 66/5, 1/7]
  line 10915  DECIDED  n>=1  1 branch(es)  [4/15, 33/14, 5/2, 7/11, 66/5]
  line 10916  DECIDED  n>=2  1 branch(es)  [4/15, 33/14, 5/2, 7/11, 726/5]
  line 10917  DECIDED  n>=1  1 branch(es)  [4/15, 33/14, 5/2, 7/11, 84/5]
  line 10918  DECIDED  n>=2  1 branch(es)  [4/15, 33/14, 5/2, 7/11, 88/5]
  line 10919  DECIDED  n>=1  1 branch(es)  [4/15, 33/14, 5/2, 7/11, 924/5]
  line 10920  DECIDED  n>=1  1 branch(es)  [4/15, 33/14, 5/2, 7/11, 968/5]
  line 10922  DECIDED  n>=1  1 branch(es)  [4/15, 33/14, 55/2, 7/121, 28/5]
  line 10925  DECIDED  n>=2  1 branch(es)  [4/15, 33/14, 55/2, 7/121, 66/5]
  line 11013  DECIDED  n>=1  1 branch(es)  [4/15, 33/14, 6875/2, 7/11, 2/5]
  line 11014  DECIDED  n>=1  1 branch(es)  [4/15, 33/14, 6875/2, 7/11, 3/5]
  line 11015  DECIDED  n>=2  1 branch(es)  [4/15, 33/14, 6875/2, 7/11, 3/7]
  line 11050  DECIDED  n>=1  1 branch(es)  [4/15, 33/98, 175/2, 49/11, 2/5]
  line 11051  DECIDED  n>=0  1 branch(es)  [4/15, 33/98, 175/2, 49/11, 3/5]
  line 11052  DECIDED  n>=1  1 branch(es)  [4/15, 33/98, 175/2, 49/11, 3/7]
  line 11057  DECIDED  n>=1  1 branch(es)  [4/15, 33/98, 275/2, 49/11, 2/5]
  line 11058  DECIDED  n>=1  1 branch(es)  [4/15, 33/98, 275/2, 49/11, 3/5]
  line 11069  DECIDED  n>=2  1 branch(es)  [4/15, 33/98, 5/2, 49/11, 44/5]
  line 11070  DECIDED  n>=1  1 branch(es)  [4/15, 33/98, 5/2, 49/11, 66/5]
  line 11075  DECIDED  n>=3  1 branch(es)  [4/15, 33/98, 55/2, 7/11, 66/5]
  line 11083  DECIDED  n>=3  1 branch(es)  [4/15, 33957/2, 1/3, 5/539, 3/7]
  line 11086  DECIDED  n>=1  1 branch(es)  [4/15, 363/98, 175/2, 7/11, 2/5]
  line 11087  DECIDED  n>=0  1 branch(es)  [4/15, 363/98, 175/2, 7/11, 3/5]
  line 11088  DECIDED  n>=1  1 branch(es)  [4/15, 363/98, 175/2, 7/11, 3/7]
  line 11144  DECIDED  n>=2  1 branch(es)  [4/15, 441/22, 25/2, 11/7, 14/5]
  line 11145  DECIDED  n>=2  1 branch(es)  [4/15, 441/22, 25/2, 11/7, 21/5]
  line 11146  DECIDED  n>=3  1 branch(es)  [4/15, 441/22, 25/2, 11/7, 22/5]
  line 11147  DECIDED  n>=3  1 branch(es)  [4/15, 441/22, 25/2, 11/7, 33/5]
  line 11148  DECIDED  n>=2  1 branch(es)  [4/15, 441/22, 5/2, 11/7, 28/5]
  line 11149  DECIDED  n>=2  1 branch(es)  [4/15, 441/22, 5/2, 11/7, 42/5]
  line 11150  DECIDED  n>=1  1 branch(es)  [4/15, 441/22, 5/2, 11/7, 44/5]
  line 11192  DECIDED  n>=0  1 branch(es)  [4/15, 7/3, 3993/2, 25/847, 3/11]
  line 11202  DECIDED  n>=1  1 branch(es)  [4/15, 7/9, 1617/2, 5/539, 2/7]
  line 11224  DECIDED  n>=2  1 branch(es)  [4/15, 79233/2, 1/3, 5/539, 3/7]
  line 11250  DECIDED  n>=2  1 branch(es)  [4/15, 9/14, 55/2, 7/5, 18/77]
  line 11262  DECIDED  n>=2  1 branch(es)  [4/15, 9/154, 35/2, 11/5, 15/7]
  line 11264  DECIDED  n>=2  1 branch(es)  [4/15, 9/154, 35/2, 11/5, 4/7]
  line 11281  DECIDED  n>=3  1 branch(es)  [4/15, 99/14, 25/2, 49/11, 14/5]
  line 11282  DECIDED  n>=3  1 branch(es)  [4/15, 99/14, 25/2, 49/11, 21/5]
  line 11283  DECIDED  n>=2  1 branch(es)  [4/15, 99/14, 25/2, 49/11, 22/5]
  line 11284  DECIDED  n>=1  1 branch(es)  [4/15, 99/14, 25/2, 49/11, 33/5]
  line 11323  DECIDED  n>=1  1 branch(es)  [4/15, 99/14, 5/2, 49/11, 28/5]
  line 11324  DECIDED  n>=1  2 branch(es)  [4/15, 99/14, 5/2, 49/11, 44/5]
  line 11325  DECIDED  n>=2  2 branch(es)  [4/15, 99/14, 5/2, 49/11, 66/5]
  line 11370  DECIDED  n>=3  2 branch(es)  [4/15, 99/28, 5/2, 7/11, 44/5]
  line 11388  DECIDED  n>=2  1 branch(es)  [4/315, 5/6, 11/2, 189/11, 5/3]
  line 11391  DECIDED  n>=2  1 branch(es)  [4/315, 5/6, 77/2, 27/11, 5/3]
  line 11392  DECIDED  n>=2  1 branch(es)  [4/315, 5/6, 9317/2, 3/11, 5/3]
  line 11398  DECIDED  n>=1  1 branch(es)  [4/45, 1/154, 63/2, 121/3, 10/11]
  line 11417  DECIDED  n>=3  1 branch(es)  [4/45, 5/14, 121/2, 189/11, 5/3]
  line 11428  DECIDED  n>=2  1 branch(es)  [4/45, 5/14, 363/2, 63/11, 5/3]
  line 11437  DECIDED  n>=1  1 branch(es)  [4/45, 5/154, 63/2, 121/3, 2/11]
  line 11449  DECIDED  n>=3  1 branch(es)  [4/45, 55/14, 9/2, 7/11, 110/3]
  line 11451  DECIDED  n>=3  1 branch(es)  [4/45, 55/14, 9/2, 7/11, 28/3]
  line 11452  DECIDED  n>=2  1 branch(es)  [4/45, 55/14, 9/2, 7/11, 44/3]
  line 11456  DECIDED  n>=2  1 branch(es)  [4/45, 9/14, 275/2, 7/5, 10/11]
  line 11460  DECIDED  n>=1  1 branch(es)  [4/45, 99/14, 275/2, 7/11, 2/5]
  line 11461  DECIDED  n>=1  1 branch(es)  [4/45, 99/14, 5/2, 7/11, 28/5]
  line 11462  DECIDED  n>=2  1 branch(es)  [4/45, 99/14, 5/2, 7/11, 44/5]
  line 11465  DECIDED  n>=1  1 branch(es)  [4/9, 1/15, 225/14, 121/2, 21/11]
  line 11466  DECIDED  n>=1  1 branch(es)  [4/9, 225/14, 1/15, 121/2, 21/11]
  line 11467  DECIDED  n>=1  1 branch(es)  [4/9, 225/14, 121/2, 1/15, 21/11]
  line 11473  DECIDED  n>=1  1 branch(es)  [40/9, 21/10, 1/21, 121/2, 15/11]
  line 11474  DECIDED  n>=1  1 branch(es)  [40/9, 21/10, 121/2, 1/21, 15/11]
  line 11475  DECIDED  n>=2  1 branch(es)  [40/9, 21/10, 121/2, 5/21, 3/11]
  line 11493  DECIDED  n>=1  1 branch(es)  [44/105, 135/2, 11/5, 7/33, 5/3]
  line 11523  DECIDED  n>=1  1 branch(es)  [44/105, 5/6, 539/2, 9/11, 2/7]
  line 11524  DECIDED  n>=1  1 branch(es)  [44/105, 5/6, 539/2, 9/11, 5/3]
  line 11525  DECIDED  n>=2  1 branch(es)  [44/105, 5/6, 7/2, 9/11, 44/7]
  line 11526  DECIDED  n>=2  1 branch(es)  [44/105, 5/6, 77/2, 3/11, 44/7]
  line 11538  DECIDED  n>=3  2 branch(es)  [44/105, 55/6, 7/2, 3/11, 12/7]
  line 11563  DECIDED  n>=2  1 branch(es)  [45/2, 1/385, 4/35, 11/3, 1715/11]
  line 11630  DECIDED  n>=1  1 branch(es)  [45/2, 4/105, 11/5, 49/33, 25/7]
  line 11631  DECIDED  n>=1  1 branch(es)  [45/2, 4/105, 11/5, 49/33, 5/7]
  line 11632  DECIDED  n>=1  1 branch(es)  [45/2, 4/105, 11/5, 49/33, 55/7]
  line 11704  DECIDED  n>=1  1 branch(es)  [45/2, 44/63, 11/3, 7/55, 10/11]
  line 11729  DECIDED  n>=0  1 branch(es)  [4725/2, 2/55, 1/5, 121/63, 5/3]
  line 11730  DECIDED  n>=1  1 branch(es)  [4725/2, 4/55, 1/5, 11/63, 5/3]
  line 11746  DECIDED  n>=2  1 branch(es)  [5/12, 343/2, 6/35, 11/7, 20/11]
  line 11747  DECIDED  n>=2  2 branch(es)  [5/12, 392/55, 121/2, 3/7, 5/11]
  line 11756  DECIDED  n>=2  1 branch(es)  [5/12, 49/2, 6/35, 11/7, 20/11]
  line 11757  DECIDED  n>=2  1 branch(es)  [5/12, 49/2, 6/35, 121/7, 20/11]
  line 11758  DECIDED  n>=1  1 branch(es)  [5/12, 49/2, 6/35, 363/7, 4/11]
  line 11763  DECIDED  n>=2  2 branch(es)  [5/12, 88/35, 49/2, 9/11, 5/7]
  line 11764  DECIDED  n>=2  1 branch(es)  [5/12, 88/35, 539/2, 3/11, 5/3]
  line 11765  DECIDED  n>=1  2 branch(es)  [5/12, 88/35, 539/2, 3/11, 5/7]
  line 11773  DECIDED  n>=3  2 branch(es)  [5/18, 132/35, 49/2, 9/11, 5/7]
  line 11783  DECIDED  n>=2  1 branch(es)  [5/18, 196/55, 121/2, 9/7, 5/11]
  line 11813  DECIDED  n>=2  1 branch(es)  [5/18, 4/35, 539/2, 9/7, 14/11]
  line 11830  DECIDED  n>=3  2 branch(es)  [5/18, 44/35, 539/2, 9/11, 5/7]
  line 11831  DECIDED  n>=2  1 branch(es)  [5/18, 44/35, 7/2, 9/11, 110/7]
  line 11833  DECIDED  n>=3  1 branch(es)  [5/18, 44/35, 77/2, 3/11, 10/7]
  line 11841  DECIDED  n>=1  1 branch(es)  [5/18, 49/2, 484/35, 9/11, 5/7]
  line 11847  DECIDED  n>=2  1 branch(es)  [5/18, 539/2, 4/35, 9/7, 14/11]
  line 11849  DECIDED  n>=1  1 branch(es)  [5/18, 539/2, 44/35, 9/11, 5/7]
  line 11852  DECIDED  n>=3  2 branch(es)  [5/18, 588/55, 121/2, 3/7, 5/11]
  line 11855  DECIDED  n>=2  1 branch(es)  [5/18, 7/2, 44/35, 9/11, 110/7]
  line 11868  DECIDED  n>=3  1 branch(es)  [5/18, 77/2, 44/35, 3/11, 10/7]
  line 11971  DECIDED  n>=2  1 branch(es)  [5/6, 1/385, 28/5, 121/2, 45/11]
  line 11972  DECIDED  n>=2  1 branch(es)  [5/6, 1/385, 28/5, 121/2, 54/11]
  line 12054  DECIDED  n>=2  2 branch(es)  [5/6, 1323/55, 4/5, 11/7, 35/2]
  line 12091  DECIDED  n>=2  1 branch(es)  [5/6, 196/55, 121/2, 3/7, 10/11]
  line 12092  DECIDED  n>=3  1 branch(es)  [5/6, 196/55, 121/2, 3/7, 10/121]
  line 12093  DECIDED  n>=1  1 branch(es)  [5/6, 196/55, 121/2, 3/7, 105/11]
  line 12094  DECIDED  n>=2  1 branch(es)  [5/6, 196/55, 121/2, 3/7, 12/11]
  line 12095  DECIDED  n>=3  1 branch(es)  [5/6, 196/55, 121/2, 3/7, 125/11]
  line 12096  DECIDED  n>=3  1 branch(es)  [5/6, 196/55, 121/2, 3/7, 14/11]
  line 12097  DECIDED  n>=2  2 branch(es)  [5/6, 196/55, 121/2, 3/7, 15/11]
  line 12098  DECIDED  n>=0  1 branch(es)  [5/6, 196/55, 121/2, 3/7, 175/11]
  line 12099  DECIDED  n>=2  2 branch(es)  [5/6, 196/55, 121/2, 3/7, 18/11]
  line 12100  DECIDED  n>=2  1 branch(es)  [5/6, 196/55, 121/2, 3/7, 20/11]
    ... 12100/21233 scanned, 1420 decided, 25886s
  line 12101  DECIDED  n>=1  1 branch(es)  [5/6, 196/55, 121/2, 3/7, 245/11]
  line 12102  DECIDED  n>=3  1 branch(es)  [5/6, 196/55, 121/2, 3/7, 25/11]
  line 12103  DECIDED  n>=3  1 branch(es)  [5/6, 196/55, 121/2, 3/7, 28/11]
  line 12104  DECIDED  n>=3  1 branch(es)  [5/6, 196/55, 121/2, 3/7, 30/11]
  line 12105  DECIDED  n>=3  2 branch(es)  [5/6, 196/55, 121/2, 3/7, 35/11]
  line 12106  DECIDED  n>=3  2 branch(es)  [5/6, 196/55, 121/2, 3/7, 42/11]
  line 12107  DECIDED  n>=2  1 branch(es)  [5/6, 196/55, 121/2, 3/7, 5/11, 1/3]
  line 12108  DECIDED  n>=2  1 branch(es)  [5/6, 196/55, 121/2, 3/7, 5/11, 1/5]
  line 12109  DECIDED  n>=2  1 branch(es)  [5/6, 196/55, 121/2, 3/7, 5/11]
  line 12110  DECIDED  n>=3  1 branch(es)  [5/6, 196/55, 121/2, 3/7, 50/11]
  line 12111  DECIDED  n>=2  1 branch(es)  [5/6, 196/55, 121/2, 3/7, 6/11]
  line 12112  DECIDED  n>=2  1 branch(es)  [5/6, 196/55, 121/2, 3/7, 70/11]
  line 12113  DECIDED  n>=0  1 branch(es)  [5/6, 196/55, 121/2, 3/7, 75/11]
  line 12115  DECIDED  n>=2  1 branch(es)  [5/6, 196/55, 121/2, 9/49, 5/11]
  line 12116  DECIDED  n>=2  1 branch(es)  [5/6, 196/55, 1331/2, 3/7, 10/11]
  line 12117  DECIDED  n>=3  1 branch(es)  [5/6, 196/55, 1331/2, 3/7, 14/11]
  line 12118  DECIDED  n>=1  1 branch(es)  [5/6, 196/55, 1331/2, 3/7, 15/11]
  line 12119  DECIDED  n>=1  1 branch(es)  [5/6, 196/55, 1331/2, 3/7, 25/11]
  line 12120  DECIDED  n>=2  1 branch(es)  [5/6, 196/55, 1331/2, 3/7, 35/11]
  line 12121  DECIDED  n>=2  1 branch(es)  [5/6, 196/55, 1331/2, 3/7, 5/11]
  line 12122  DECIDED  n>=2  1 branch(es)  [5/6, 196/55, 1331/2, 3/7, 5/121]
  line 12123  DECIDED  n>=2  1 branch(es)  [5/6, 196/55, 1331/2, 3/7, 6/11]
  line 12127  DECIDED  n>=2  1 branch(es)  [5/6, 196/55, 14641/2, 3/7, 5/11]
  line 12169  DECIDED  n>=2  2 branch(es)  [5/6, 2/35, 3773/2, 3/49, 10/11]
  line 12170  DECIDED  n>=2  2 branch(es)  [5/6, 2/35, 3773/2, 3/49, 12/11]
  line 12171  DECIDED  n>=2  2 branch(es)  [5/6, 2/35, 3773/2, 3/49, 175/11]
  line 12176  DECIDED  n>=2  2 branch(es)  [5/6, 2/35, 3773/2, 9/49, 4/11]
  line 12177  DECIDED  n>=2  2 branch(es)  [5/6, 2/35, 3773/2, 99/49, 2/11]
  line 12180  DECIDED  n>=2  2 branch(es)  [5/6, 2/35, 41503/2, 9/49, 2/11]
  line 12181  DECIDED  n>=2  2 branch(es)  [5/6, 2/35, 41503/2, 9/77, 2/3]
  line 12183  DECIDED  n>=2  1 branch(es)  [5/6, 2/35, 539/2, 27/77, 4/3]
  line 12191  DECIDED  n>=2  1 branch(es)  [5/6, 2/35, 539/2, 81/77, 2/3]
  line 12193  DECIDED  n>=2  1 branch(es)  [5/6, 2/35, 539/2, 9/77, 10/3]
  line 12194  DECIDED  n>=2  1 branch(es)  [5/6, 2/35, 539/2, 9/77, 175/3]
  line 12207  DECIDED  n>=2  1 branch(es)  [5/6, 2/385, 49/2, 33/7, 40/3]
  line 12209  DECIDED  n>=2  1 branch(es)  [5/6, 2/385, 539/2, 99/7, 4/11]
  line 12223  DECIDED  n>=2  2 branch(es)  [5/6, 22/35, 343/2, 99/49, 2/11]
  line 12224  DECIDED  n>=2  2 branch(es)  [5/6, 22/35, 3773/2, 3/49, 10/11]
  line 12225  DECIDED  n>=2  2 branch(es)  [5/6, 22/35, 3773/2, 9/49, 2/11]
  line 12250  DECIDED  n>=1  1 branch(es)  [5/6, 2401/2, 44/35, 9/11, 5/7]
  line 12251  DECIDED  n>=1  1 branch(es)  [5/6, 2401/2, 484/35, 3/11, 5/7]
  line 12282  DECIDED  n>=2  2 branch(es)  [5/6, 3/35, 343/3, 4/77, 363/2]
  line 12283  DECIDED  n>=2  2 branch(es)  [5/6, 3/35, 3773/3, 4/77, 33/2]
  line 12284  DECIDED  n>=2  2 branch(es)  [5/6, 3/35, 41503/3, 4/77, 3/2]
  line 12288  DECIDED  n>=2  1 branch(es)  [5/6, 3/35, 49/3, 16/77, 33/2]
  line 12289  DECIDED  n>=1  1 branch(es)  [5/6, 3/35, 49/3, 4/77, 1815/2]
  line 12290  DECIDED  n>=2  1 branch(es)  [5/6, 3/35, 539/3, 16/77, 3/2]
  line 12294  DECIDED  n>=1  1 branch(es)  [5/6, 3/35, 539/3, 4/77, 15/2]
  line 12295  DECIDED  n>=1  1 branch(es)  [5/6, 3/35, 539/3, 4/77, 175/2]
  line 12298  DECIDED  n>=1  1 branch(es)  [5/6, 3/35, 539/3, 8/77, 9/2]
  line 12299  DECIDED  n>=1  2 branch(es)  [5/6, 3/35, 686/33, 4/7, 33/2]
  line 12307  DECIDED  n>=2  1 branch(es)  [5/6, 3/385, 28/5, 121/2, 15/11]
  line 12308  DECIDED  n>=2  1 branch(es)  [5/6, 3/385, 28/5, 121/2, 18/11]
  line 12327  DECIDED  n>=1  1 branch(es)  [5/6, 343/2, 22/35, 99/49, 2/11]
  line 12334  DECIDED  n>=3  2 branch(es)  [5/6, 343/2, 44/245, 3/77, 5/7]
  line 12335  DECIDED  n>=1  1 branch(es)  [5/6, 343/2, 44/245, 9/11, 5/7]
  line 12339  DECIDED  n>=1  1 branch(es)  [5/6, 343/2, 44/35, 9/11, 10/7]
  line 12340  DECIDED  n>=0  1 branch(es)  [5/6, 343/2, 44/35, 9/11, 15/7]
  line 12341  DECIDED  n>=1  1 branch(es)  [5/6, 343/2, 44/35, 9/11, 22/7]
  line 12342  DECIDED  n>=0  1 branch(es)  [5/6, 343/2, 44/35, 9/11, 25/7]
  line 12343  DECIDED  n>=1  1 branch(es)  [5/6, 343/2, 44/35, 9/11, 5/49]
  line 12344  DECIDED  n>=1  1 branch(es)  [5/6, 343/2, 44/35, 9/11, 5/7]
  line 12345  DECIDED  n>=0  1 branch(es)  [5/6, 343/2, 44/35, 9/11, 55/7]
  line 12346  DECIDED  n>=1  1 branch(es)  [5/6, 343/2, 44/35, 9/11, 6/7]
  line 12347  DECIDED  n>=1  1 branch(es)  [5/6, 343/2, 484/245, 3/11, 5/7]
  line 12348  DECIDED  n>=1  1 branch(es)  [5/6, 343/2, 484/35, 3/11, 10/7]
  line 12349  DECIDED  n>=0  1 branch(es)  [5/6, 343/2, 484/35, 3/11, 15/7]
  line 12350  DECIDED  n>=2  1 branch(es)  [5/6, 343/2, 484/35, 3/11, 22/7]
  line 12351  DECIDED  n>=0  1 branch(es)  [5/6, 343/2, 484/35, 3/11, 25/7]
  line 12352  DECIDED  n>=1  1 branch(es)  [5/6, 343/2, 484/35, 3/11, 5/49]
  line 12353  DECIDED  n>=1  1 branch(es)  [5/6, 343/2, 484/35, 3/11, 5/7]
  line 12354  DECIDED  n>=1  1 branch(es)  [5/6, 343/2, 484/35, 3/11, 55/7]
  line 12355  DECIDED  n>=1  1 branch(es)  [5/6, 343/2, 484/35, 3/11, 6/7]
  line 12359  DECIDED  n>=2  1 branch(es)  [5/6, 343/3, 1089/35, 2/11, 15/2]
  line 12361  DECIDED  n>=1  1 branch(es)  [5/6, 343/3, 3/35, 4/77, 363/2]
  line 12363  DECIDED  n>=2  1 branch(es)  [5/6, 343/3, 99/35, 4/11, 15/2]
  line 12367  DECIDED  n>=2  1 branch(es)  [5/6, 3773/2, 2/35, 3/49, 10/11]
  line 12368  DECIDED  n>=2  1 branch(es)  [5/6, 3773/2, 2/35, 3/49, 12/11]
  line 12369  DECIDED  n>=2  1 branch(es)  [5/6, 3773/2, 2/35, 3/49, 175/11]
  line 12374  DECIDED  n>=2  1 branch(es)  [5/6, 3773/2, 2/35, 9/49, 4/11]
  line 12375  DECIDED  n>=1  1 branch(es)  [5/6, 3773/2, 2/35, 99/49, 2/11]
  line 12376  DECIDED  n>=2  1 branch(es)  [5/6, 3773/2, 22/35, 3/49, 10/11]
  line 12377  DECIDED  n>=1  1 branch(es)  [5/6, 3773/2, 22/35, 9/49, 2/11]
  line 12395  DECIDED  n>=2  1 branch(es)  [5/6, 3773/2, 44/245, 3/11, 2/7]
  line 12396  DECIDED  n>=2  1 branch(es)  [5/6, 3773/2, 44/245, 3/11, 5/3]
  line 12397  DECIDED  n>=1  1 branch(es)  [5/6, 3773/2, 44/245, 3/11, 5/7]
  line 12411  DECIDED  n>=1  1 branch(es)  [5/6, 3773/3, 3/35, 4/77, 33/2]
  line 12419  DECIDED  n>=1  1 branch(es)  [5/6, 392/55, 11/2, 3/7, 70/11]
  line 12525  DECIDED  n>=2  1 branch(es)  [5/6, 4/35, 539/2, 3/7, 14/11, 1/3]
  line 12526  DECIDED  n>=2  1 branch(es)  [5/6, 4/35, 539/2, 3/7, 14/11, 1/5]
  line 12527  DECIDED  n>=2  1 branch(es)  [5/6, 4/35, 539/2, 3/7, 14/11]
  line 12535  DECIDED  n>=2  1 branch(es)  [5/6, 4/35, 539/2, 9/11, 22/21]
  line 12536  DECIDED  n>=2  2 branch(es)  [5/6, 4/35, 539/2, 9/11, 22/7]
  line 12537  DECIDED  n>=2  2 branch(es)  [5/6, 4/35, 539/2, 9/11, 55/21]
  line 12538  DECIDED  n>=3  1 branch(es)  [5/6, 4/35, 539/2, 9/343, 2/11]
  line 12546  DECIDED  n>=2  1 branch(es)  [5/6, 4/35, 5929/2, 3/11, 22/7]
  line 12547  DECIDED  n>=2  2 branch(es)  [5/6, 4/35, 5929/2, 3/11, 242/7]
  line 12548  DECIDED  n>=2  1 branch(es)  [5/6, 4/35, 5929/2, 3/7, 14/121]
  line 12587  DECIDED  n>=1  1 branch(es)  [5/6, 4/35, 847/2, 27/7, 14/11]
  line 12601  DECIDED  n>=2  1 branch(es)  [5/6, 4/385, 5929/2, 3/7, 14/11]
  line 12617  DECIDED  n>=1  1 branch(es)  [5/6, 41503/2, 2/35, 9/49, 2/11]
  line 12625  DECIDED  n>=2  1 branch(es)  [5/6, 44/105, 77/2, 3/11, 44/7]
  line 12634  DECIDED  n>=3  2 branch(es)  [5/6, 44/245, 343/2, 3/77, 5/7]
  line 12638  DECIDED  n>=2  2 branch(es)  [5/6, 44/245, 3773/2, 3/11, 5/7]
  line 12676  DECIDED  n>=2  1 branch(es)  [5/6, 44/35, 2401/2, 9/11, 5/7]
  line 12682  DECIDED  n>=2  1 branch(es)  [5/6, 44/35, 343/2, 9/11, 10/7]
  line 12683  DECIDED  n>=1  1 branch(es)  [5/6, 44/35, 343/2, 9/11, 15/7]
  line 12684  DECIDED  n>=2  1 branch(es)  [5/6, 44/35, 343/2, 9/11, 22/7]
  line 12685  DECIDED  n>=1  1 branch(es)  [5/6, 44/35, 343/2, 9/11, 25/7]
  line 12686  DECIDED  n>=2  1 branch(es)  [5/6, 44/35, 343/2, 9/11, 5/49]
  line 12687  DECIDED  n>=2  1 branch(es)  [5/6, 44/35, 343/2, 9/11, 5/7]
  line 12688  DECIDED  n>=1  1 branch(es)  [5/6, 44/35, 343/2, 9/11, 55/7]
  line 12689  DECIDED  n>=2  1 branch(es)  [5/6, 44/35, 343/2, 9/11, 6/7]
  line 12734  DECIDED  n>=3  1 branch(es)  [5/6, 44/35, 49/2, 9/11, 10/49]
  line 12735  DECIDED  n>=2  1 branch(es)  [5/6, 44/35, 49/2, 9/11, 10/7]
  line 12736  DECIDED  n>=2  1 branch(es)  [5/6, 44/35, 49/2, 9/11, 110/7]
  line 12737  DECIDED  n>=2  1 branch(es)  [5/6, 44/35, 49/2, 9/11, 12/7]
  line 12738  DECIDED  n>=3  1 branch(es)  [5/6, 44/35, 49/2, 9/11, 125/7]
  line 12739  DECIDED  n>=2  2 branch(es)  [5/6, 44/35, 49/2, 9/11, 15/7]
  line 12740  DECIDED  n>=1  2 branch(es)  [5/6, 44/35, 49/2, 9/11, 165/7]
  line 12741  DECIDED  n>=2  2 branch(es)  [5/6, 44/35, 49/2, 9/11, 18/7]
  line 12742  DECIDED  n>=2  1 branch(es)  [5/6, 44/35, 49/2, 9/11, 20/7]
  line 12744  DECIDED  n>=1  2 branch(es)  [5/6, 44/35, 49/2, 9/11, 242/7]
  line 12745  DECIDED  n>=3  1 branch(es)  [5/6, 44/35, 49/2, 9/11, 25/7]
  line 12746  DECIDED  n>=2  2 branch(es)  [5/6, 44/35, 49/2, 9/11, 275/7]
  line 12747  DECIDED  n>=3  1 branch(es)  [5/6, 44/35, 49/2, 9/11, 30/7]
  line 12748  DECIDED  n>=2  1 branch(es)  [5/6, 44/35, 49/2, 9/11, 44/7]
  line 12749  DECIDED  n>=2  1 branch(es)  [5/6, 44/35, 49/2, 9/11, 5/7, 1/3]
  line 12750  DECIDED  n>=2  1 branch(es)  [5/6, 44/35, 49/2, 9/11, 5/7, 1/5]
  line 12751  DECIDED  n>=2  1 branch(es)  [5/6, 44/35, 49/2, 9/11, 5/7]
  line 12752  DECIDED  n>=3  1 branch(es)  [5/6, 44/35, 49/2, 9/11, 50/7]
  line 12753  DECIDED  n>=1  1 branch(es)  [5/6, 44/35, 49/2, 9/11, 55/7]
  line 12754  DECIDED  n>=2  1 branch(es)  [5/6, 44/35, 49/2, 9/11, 6/7]
  line 12755  DECIDED  n>=1  1 branch(es)  [5/6, 44/35, 49/2, 9/11, 66/7]
  line 12756  DECIDED  n>=0  1 branch(es)  [5/6, 44/35, 49/2, 9/11, 75/7]
  line 12759  DECIDED  n>=3  2 branch(es)  [5/6, 44/35, 539/2, 3/11, 110/7]
  line 12760  DECIDED  n>=1  2 branch(es)  [5/6, 44/35, 539/2, 3/11, 125/7]
  line 12762  DECIDED  n>=2  1 branch(es)  [5/6, 44/35, 539/2, 3/11, 242/7]
  line 12763  DECIDED  n>=2  2 branch(es)  [5/6, 44/35, 539/2, 3/11, 25/7]
  line 12764  DECIDED  n>=2  1 branch(es)  [5/6, 44/35, 539/2, 3/11, 275/7]
  line 12765  DECIDED  n>=2  2 branch(es)  [5/6, 44/35, 539/2, 3/11, 30/7]
  line 12766  DECIDED  n>=3  2 branch(es)  [5/6, 44/35, 539/2, 3/11, 5/7, 1/3]
  line 12767  DECIDED  n>=3  2 branch(es)  [5/6, 44/35, 539/2, 3/11, 5/7, 1/5]
  line 12768  DECIDED  n>=3  2 branch(es)  [5/6, 44/35, 539/2, 3/11, 5/7]
  line 12770  DECIDED  n>=2  1 branch(es)  [5/6, 44/35, 539/2, 3/11, 55/7]
  line 12771  DECIDED  n>=3  2 branch(es)  [5/6, 44/35, 539/2, 3/11, 6/7]
  line 12772  DECIDED  n>=2  2 branch(es)  [5/6, 44/35, 539/2, 3/11, 605/7]
  line 12773  DECIDED  n>=2  1 branch(es)  [5/6, 44/35, 539/2, 3/11, 66/7]
  line 12809  DECIDED  n>=2  1 branch(es)  [5/6, 44/35, 7/2, 3/11, 110/7, 1/3]
  line 12810  DECIDED  n>=2  1 branch(es)  [5/6, 44/35, 7/2, 3/11, 110/7, 1/5]
  line 12811  DECIDED  n>=2  1 branch(es)  [5/6, 44/35, 7/2, 3/11, 110/7]
  line 12812  DECIDED  n>=1  1 branch(es)  [5/6, 44/35, 7/2, 3/11, 132/7]
  line 12814  DECIDED  n>=1  1 branch(es)  [5/6, 44/35, 7/2, 3/11, 2750/7]
  line 12816  DECIDED  n>=1  1 branch(es)  [5/6, 44/35, 7/2, 3/11, 484/7]
  line 12817  DECIDED  n>=2  2 branch(es)  [5/6, 44/35, 7/2, 3/11, 550/7]
  line 12818  DECIDED  n>=1  1 branch(es)  [5/6, 44/35, 7/2, 3/11, 6050/7]
  line 12823  DECIDED  n>=2  1 branch(es)  [5/6, 44/35, 7/2, 9/121, 110/7]
  line 12831  DECIDED  n>=2  1 branch(es)  [5/6, 44/35, 77/2, 3/121, 10/7]
  line 12832  DECIDED  n>=1  1 branch(es)  [5/6, 44/35, 77/2, 3/121, 12/7]
  line 12833  DECIDED  n>=1  1 branch(es)  [5/6, 44/35, 77/2, 3/121, 15/11]
  line 12834  DECIDED  n>=1  1 branch(es)  [5/6, 44/35, 77/2, 3/121, 18/11]
  line 12885  DECIDED  n>=3  1 branch(es)  [5/6, 441/55, 121/3, 2/7, 15/2]
  line 12886  DECIDED  n>=3  1 branch(es)  [5/6, 441/55, 121/3, 2/7, 45/2]
  line 12887  DECIDED  n>=2  1 branch(es)  [5/6, 441/55, 121/3, 2/7, 75/2]
  line 12888  DECIDED  n>=3  1 branch(es)  [5/6, 441/55, 1331/3, 2/7, 15/2]
  line 12902  DECIDED  n>=2  1 branch(es)  [5/6, 49/2, 2/385, 33/7, 40/3]
  line 12916  DECIDED  n>=2  1 branch(es)  [5/6, 49/2, 44/245, 3/11, 110/7]
  line 12956  DECIDED  n>=1  1 branch(es)  [5/6, 49/2, 44/35, 9/11, 10/49]
  line 12957  DECIDED  n>=1  1 branch(es)  [5/6, 49/2, 44/35, 9/11, 10/7]
  line 12958  DECIDED  n>=1  1 branch(es)  [5/6, 49/2, 44/35, 9/11, 110/7]
  line 12959  DECIDED  n>=1  1 branch(es)  [5/6, 49/2, 44/35, 9/11, 12/7]
  line 12960  DECIDED  n>=0  1 branch(es)  [5/6, 49/2, 44/35, 9/11, 125/7]
  line 12961  DECIDED  n>=0  1 branch(es)  [5/6, 49/2, 44/35, 9/11, 15/7]
  line 12962  DECIDED  n>=0  1 branch(es)  [5/6, 49/2, 44/35, 9/11, 165/7]
  line 12963  DECIDED  n>=0  1 branch(es)  [5/6, 49/2, 44/35, 9/11, 18/7]
  line 12964  DECIDED  n>=1  1 branch(es)  [5/6, 49/2, 44/35, 9/11, 20/7]
  line 12965  DECIDED  n>=1  1 branch(es)  [5/6, 49/2, 44/35, 9/11, 22/7]
  line 12966  DECIDED  n>=1  1 branch(es)  [5/6, 49/2, 44/35, 9/11, 242/7]
  line 12967  DECIDED  n>=0  1 branch(es)  [5/6, 49/2, 44/35, 9/11, 25/7]
  line 12968  DECIDED  n>=0  1 branch(es)  [5/6, 49/2, 44/35, 9/11, 275/7]
  line 12969  DECIDED  n>=0  1 branch(es)  [5/6, 49/2, 44/35, 9/11, 30/7]
  line 12970  DECIDED  n>=1  1 branch(es)  [5/6, 49/2, 44/35, 9/11, 44/7]
  line 12971  DECIDED  n>=1  1 branch(es)  [5/6, 49/2, 44/35, 9/11, 5/7, 1/3]
  line 12972  DECIDED  n>=1  1 branch(es)  [5/6, 49/2, 44/35, 9/11, 5/7, 1/5]
  line 12973  DECIDED  n>=1  1 branch(es)  [5/6, 49/2, 44/35, 9/11, 5/7]
  line 12974  DECIDED  n>=1  1 branch(es)  [5/6, 49/2, 44/35, 9/11, 50/7]
  line 12975  DECIDED  n>=0  1 branch(es)  [5/6, 49/2, 44/35, 9/11, 55/7]
  line 12976  DECIDED  n>=1  1 branch(es)  [5/6, 49/2, 44/35, 9/11, 6/7]
  line 12977  DECIDED  n>=0  1 branch(es)  [5/6, 49/2, 44/35, 9/11, 66/7]
  line 12978  DECIDED  n>=0  1 branch(es)  [5/6, 49/2, 44/35, 9/11, 75/7]
  line 12982  DECIDED  n>=1  1 branch(es)  [5/6, 49/2, 484/35, 3/11, 10/49]
  line 12983  DECIDED  n>=1  1 branch(es)  [5/6, 49/2, 484/35, 3/11, 10/7]
  line 12984  DECIDED  n>=1  1 branch(es)  [5/6, 49/2, 484/35, 3/11, 110/7]
  line 12985  DECIDED  n>=1  1 branch(es)  [5/6, 49/2, 484/35, 3/11, 12/7]
  line 12986  DECIDED  n>=0  1 branch(es)  [5/6, 49/2, 484/35, 3/11, 125/7]
  line 12987  DECIDED  n>=0  1 branch(es)  [5/6, 49/2, 484/35, 3/11, 15/7]
  line 12988  DECIDED  n>=0  1 branch(es)  [5/6, 49/2, 484/35, 3/11, 165/7]
  line 12989  DECIDED  n>=0  1 branch(es)  [5/6, 49/2, 484/35, 3/11, 18/7]
  line 12990  DECIDED  n>=1  1 branch(es)  [5/6, 49/2, 484/35, 3/11, 20/7]
  line 12991  DECIDED  n>=2  1 branch(es)  [5/6, 49/2, 484/35, 3/11, 22/7]
  line 12992  DECIDED  n>=1  1 branch(es)  [5/6, 49/2, 484/35, 3/11, 242/7]
  line 12993  DECIDED  n>=0  1 branch(es)  [5/6, 49/2, 484/35, 3/11, 25/7]
  line 12994  DECIDED  n>=0  1 branch(es)  [5/6, 49/2, 484/35, 3/11, 275/7]
  line 12995  DECIDED  n>=0  1 branch(es)  [5/6, 49/2, 484/35, 3/11, 30/7]
  line 12996  DECIDED  n>=2  1 branch(es)  [5/6, 49/2, 484/35, 3/11, 44/7]
  line 12997  DECIDED  n>=1  1 branch(es)  [5/6, 49/2, 484/35, 3/11, 5/7, 1/3]
  line 12998  DECIDED  n>=1  1 branch(es)  [5/6, 49/2, 484/35, 3/11, 5/7, 1/5]
  line 12999  DECIDED  n>=1  1 branch(es)  [5/6, 49/2, 484/35, 3/11, 5/7]
  line 13000  DECIDED  n>=1  1 branch(es)  [5/6, 49/2, 484/35, 3/11, 50/7]
    ... 13000/21233 scanned, 1629 decided, 28170s
  line 13001  DECIDED  n>=1  1 branch(es)  [5/6, 49/2, 484/35, 3/11, 55/7]
  line 13002  DECIDED  n>=1  1 branch(es)  [5/6, 49/2, 484/35, 3/11, 6/7]
  line 13003  DECIDED  n>=0  1 branch(es)  [5/6, 49/2, 484/35, 3/11, 605/7]
  line 13004  DECIDED  n>=1  1 branch(es)  [5/6, 49/2, 484/35, 3/11, 66/7]
  line 13005  DECIDED  n>=0  1 branch(es)  [5/6, 49/2, 484/35, 3/11, 75/7]
  line 13006  DECIDED  n>=1  1 branch(es)  [5/6, 49/2, 484/35, 9/121, 5/7]
  line 13023  DECIDED  n>=2  1 branch(es)  [5/6, 49/3, 1089/35, 2/11, 15/2]
  line 13024  DECIDED  n>=2  1 branch(es)  [5/6, 49/3, 1089/35, 2/11, 45/2]
  line 13025  DECIDED  n>=1  1 branch(es)  [5/6, 49/3, 1089/35, 2/11, 75/2]
  line 13027  DECIDED  n>=1  1 branch(es)  [5/6, 49/3, 3/35, 16/77, 33/2]
  line 13028  DECIDED  n>=1  1 branch(es)  [5/6, 49/3, 3/35, 4/77, 1815/2]
  line 13033  DECIDED  n>=2  1 branch(es)  [5/6, 49/3, 99/35, 4/11, 15/2]
  line 13034  DECIDED  n>=2  1 branch(es)  [5/6, 49/3, 99/35, 4/11, 45/2]
  line 13035  DECIDED  n>=1  1 branch(es)  [5/6, 49/3, 99/35, 4/11, 75/2]
  line 13060  DECIDED  n>=0  1 branch(es)  [5/6, 539/2, 2/385, 99/7, 4/11]
  line 13101  DECIDED  n>=2  1 branch(es)  [5/6, 539/2, 4/35, 3/7, 14/11, 1/3]
  line 13102  DECIDED  n>=2  1 branch(es)  [5/6, 539/2, 4/35, 3/7, 14/11, 1/5]
  line 13103  DECIDED  n>=2  1 branch(es)  [5/6, 539/2, 4/35, 3/7, 14/11]
  line 13111  DECIDED  n>=1  1 branch(es)  [5/6, 539/2, 4/35, 9/11, 22/21]
  line 13112  DECIDED  n>=1  1 branch(es)  [5/6, 539/2, 4/35, 9/11, 22/7]
  line 13113  DECIDED  n>=1  1 branch(es)  [5/6, 539/2, 4/35, 9/11, 55/21]
  line 13114  DECIDED  n>=3  1 branch(es)  [5/6, 539/2, 4/35, 9/343, 2/11]
  line 13123  DECIDED  n>=1  1 branch(es)  [5/6, 539/2, 4/55, 27/11, 22/7]
  line 13133  DECIDED  n>=1  1 branch(es)  [5/6, 539/2, 44/35, 3/11, 110/7]
  line 13134  DECIDED  n>=1  1 branch(es)  [5/6, 539/2, 44/35, 3/11, 125/7]
  line 13135  DECIDED  n>=2  1 branch(es)  [5/6, 539/2, 44/35, 3/11, 22/7]
  line 13136  DECIDED  n>=1  1 branch(es)  [5/6, 539/2, 44/35, 3/11, 242/7]
  line 13137  DECIDED  n>=1  1 branch(es)  [5/6, 539/2, 44/35, 3/11, 25/7]
  line 13138  DECIDED  n>=1  1 branch(es)  [5/6, 539/2, 44/35, 3/11, 275/7]
  line 13139  DECIDED  n>=1  1 branch(es)  [5/6, 539/2, 44/35, 3/11, 30/7]
  line 13140  DECIDED  n>=1  1 branch(es)  [5/6, 539/2, 44/35, 3/11, 5/7, 1/3]
  line 13141  DECIDED  n>=1  1 branch(es)  [5/6, 539/2, 44/35, 3/11, 5/7, 1/5]
  line 13142  DECIDED  n>=1  1 branch(es)  [5/6, 539/2, 44/35, 3/11, 5/7]
  line 13143  DECIDED  n>=2  1 branch(es)  [5/6, 539/2, 44/35, 3/11, 55/21]
  line 13144  DECIDED  n>=1  1 branch(es)  [5/6, 539/2, 44/35, 3/11, 55/7]
  line 13145  DECIDED  n>=1  1 branch(es)  [5/6, 539/2, 44/35, 3/11, 6/7]
  line 13146  DECIDED  n>=1  1 branch(es)  [5/6, 539/2, 44/35, 3/11, 605/7]
  line 13147  DECIDED  n>=1  1 branch(es)  [5/6, 539/2, 44/35, 3/11, 66/7]
  line 13221  DECIDED  n>=3  2 branch(es)  [5/6, 539/2, 8/35, 3/77, 22/3]
  line 13224  DECIDED  n>=2  1 branch(es)  [5/6, 539/2, 8/385, 3/11, 55/7]
  line 13269  DECIDED  n>=1  1 branch(es)  [5/6, 5929/2, 4/35, 3/11, 22/7]
  line 13270  DECIDED  n>=1  1 branch(es)  [5/6, 5929/2, 4/35, 3/11, 242/7]
  line 13271  DECIDED  n>=2  1 branch(es)  [5/6, 5929/2, 4/35, 3/7, 14/121]
  line 13274  DECIDED  n>=2  1 branch(es)  [5/6, 5929/2, 4/385, 3/7, 14/11]
  line 13312  DECIDED  n>=2  1 branch(es)  [5/6, 7/2, 44/35, 3/11, 110/7, 1/3]
  line 13313  DECIDED  n>=2  1 branch(es)  [5/6, 7/2, 44/35, 3/11, 110/7, 1/5]
  line 13314  DECIDED  n>=2  1 branch(es)  [5/6, 7/2, 44/35, 3/11, 110/7]
  line 13315  DECIDED  n>=1  1 branch(es)  [5/6, 7/2, 44/35, 3/11, 132/7]
  line 13316  DECIDED  n>=1  2 branch(es)  [5/6, 7/2, 44/35, 3/11, 2420/7]
  line 13317  DECIDED  n>=1  1 branch(es)  [5/6, 7/2, 44/35, 3/11, 2750/7]
  line 13319  DECIDED  n>=1  1 branch(es)  [5/6, 7/2, 44/35, 3/11, 484/7]
  line 13320  DECIDED  n>=1  2 branch(es)  [5/6, 7/2, 44/35, 3/11, 550/7]
  line 13321  DECIDED  n>=1  1 branch(es)  [5/6, 7/2, 44/35, 3/11, 6050/7]
  line 13322  DECIDED  n>=0  2 branch(es)  [5/6, 7/2, 44/35, 3/11, 660/7]
  line 13326  DECIDED  n>=2  1 branch(es)  [5/6, 7/2, 44/35, 9/121, 110/7]
  line 13332  DECIDED  n>=1  2 branch(es)  [5/6, 7/2, 88/35, 9/11, 110/7]
  line 13333  DECIDED  n>=2  2 branch(es)  [5/6, 7/2, 88/35, 9/11, 44/7]
  line 13334  DECIDED  n>=1  1 branch(es)  [5/6, 7/2, 968/35, 3/11, 110/7]
  line 13436  DECIDED  n>=2  1 branch(es)  [5/6, 77/2, 44/105, 3/11, 44/7]
  line 13440  DECIDED  n>=2  1 branch(es)  [5/6, 77/2, 44/35, 3/121, 10/7]
  line 13441  DECIDED  n>=1  1 branch(es)  [5/6, 77/2, 44/35, 3/121, 12/7]
  line 13442  DECIDED  n>=1  1 branch(es)  [5/6, 77/2, 44/35, 3/121, 15/11]
  line 13443  DECIDED  n>=1  1 branch(es)  [5/6, 77/2, 44/35, 3/121, 18/11]
  line 13509  DECIDED  n>=2  1 branch(es)  [5/6, 77/2, 8/35, 3/7, 20/33]
  line 13579  DECIDED  n>=2  1 branch(es)  [5/6, 8/35, 77/2, 3/7, 20/33]
  line 13592  DECIDED  n>=2  1 branch(es)  [5/6, 8/385, 539/2, 3/11, 55/7]
  line 13615  DECIDED  n>=1  2 branch(es)  [5/6, 88/35, 7/2, 9/11, 110/7]
  line 13616  DECIDED  n>=2  2 branch(es)  [5/6, 88/35, 7/2, 9/11, 44/7]
  line 13649  DECIDED  n>=2  2 branch(es)  [5/6, 9/35, 8/55, 7/2, 605/7]
  line 13650  DECIDED  n>=2  1 branch(es)  [5/6, 9/35, 8/55, 77/2, 10/7]
  line 13653  DECIDED  n>=2  1 branch(es)  [5/6, 9/385, 28/5, 121/2, 25/11]
  line 13654  DECIDED  n>=2  1 branch(es)  [5/6, 9/385, 28/5, 121/2, 5/11]
  line 13655  DECIDED  n>=2  1 branch(es)  [5/6, 9/385, 28/5, 121/2, 6/11]
  line 13656  DECIDED  n>=2  1 branch(es)  [5/6, 9/385, 28/5, 1331/2, 5/11]
  line 13664  DECIDED  n>=3  2 branch(es)  [5/6, 99/245, 4/5, 49/11, 55/2]
  line 13665  DECIDED  n>=3  2 branch(es)  [5/6, 99/245, 44/5, 7/11, 35/2]
  line 13666  DECIDED  n>=3  2 branch(es)  [5/6, 99/245, 44/5, 7/11, 55/2]
  line 13668  DECIDED  n>=1  1 branch(es)  [5/6, 99/35, 176/5, 7/11, 5/2]
  line 13669  DECIDED  n>=3  1 branch(es)  [5/6, 99/35, 343/3, 4/11, 15/2]
  line 13674  DECIDED  n>=1  1 branch(es)  [5/6, 99/35, 4/5, 7/11, 1375/2]
  line 13675  DECIDED  n>=2  1 branch(es)  [5/6, 99/35, 4/5, 7/11, 165/2]
  line 13676  DECIDED  n>=1  1 branch(es)  [5/6, 99/35, 4/5, 7/11, 175/2]
  line 13677  DECIDED  n>=2  1 branch(es)  [5/6, 99/35, 4/5, 7/11, 1815/2]
  line 13678  DECIDED  n>=1  2 branch(es)  [5/6, 99/35, 4/5, 7/11, 1925/2]
  line 13679  DECIDED  n>=1  1 branch(es)  [5/6, 99/35, 4/5, 7/11, 275/2]
  line 13680  DECIDED  n>=3  2 branch(es)  [5/6, 99/35, 4/5, 7/11, 3025/2]
  line 13681  DECIDED  n>=1  1 branch(es)  [5/6, 99/35, 4/5, 7/11, 495/2]
  line 13682  DECIDED  n>=1  1 branch(es)  [5/6, 99/35, 4/5, 7/11, 525/2]
  line 13683  DECIDED  n>=3  2 branch(es)  [5/6, 99/35, 4/5, 7/11, 55/2, 1/3]
  line 13684  DECIDED  n>=3  2 branch(es)  [5/6, 99/35, 4/5, 7/11, 55/2, 1/7]
  line 13685  DECIDED  n>=3  2 branch(es)  [5/6, 99/35, 4/5, 7/11, 55/2]
  line 13686  DECIDED  n>=2  1 branch(es)  [5/6, 99/35, 4/5, 7/11, 825/2]
  line 13687  DECIDED  n>=2  1 branch(es)  [5/6, 99/35, 4/5, 7/11, 875/2]
  line 13688  DECIDED  n>=3  2 branch(es)  [5/6, 99/35, 44/5, 7/121, 55/2]
  line 13689  DECIDED  n>=3  1 branch(es)  [5/6, 99/35, 49/3, 4/11, 15/2]
  line 13690  DECIDED  n>=3  1 branch(es)  [5/6, 99/35, 49/3, 4/11, 45/2]
  line 13691  DECIDED  n>=2  1 branch(es)  [5/6, 99/35, 49/3, 4/11, 75/2]
  line 13703  DECIDED  n>=1  2 branch(es)  [5/6, 99/35, 8/5, 49/11, 55/2]
  line 13710  DECIDED  n>=3  2 branch(es)  [5/6, 99/35, 88/5, 7/11, 25/2]
  line 13712  DECIDED  n>=1  2 branch(es)  [5/6, 99/35, 88/5, 7/11, 55/2]
  line 13722  DECIDED  n>=1  1 branch(es)  [5/9, 4/21, 825/2, 7/275, 2/5]
  line 13727  DECIDED  n>=0  1 branch(es)  [50/63, 1/55, 36/5, 11/3, 35/2]
  line 13734  DECIDED  n>=2  1 branch(es)  [54/35, 1/33, 5/3, 11/25, 147/2]
  line 13744  DECIDED  n>=3  1 branch(es)  [54/35, 5/33, 7/3, 11/49, 15/2]
  line 13746  DECIDED  n>=3  1 branch(es)  [54/35, 5/33, 7/3, 11/49, 99/2]
  line 13748  DECIDED  n>=1  1 branch(es)  [54/35, 5/66, 14/3, 11/7, 9/2]
  line 13749  DECIDED  n>=2  1 branch(es)  [54/35, 5/66, 7/3, 22/7, 9/2]
  line 13776  DECIDED  n>=3  1 branch(es)  [56/15, 11/6, 9/77, 55/2, 3/11]
  line 13785  DECIDED  n>=2  1 branch(es)  [56/15, 21/22, 125/2, 11/7, 3/5]
  line 13789  DECIDED  n>=2  1 branch(es)  [56/15, 21/22, 25/2, 11/7, 14/5]
  line 13790  DECIDED  n>=1  1 branch(es)  [56/15, 21/22, 25/2, 11/7, 21/5]
  line 13791  DECIDED  n>=1  1 branch(es)  [56/15, 21/22, 25/2, 11/7, 22/5]
  line 13792  DECIDED  n>=2  1 branch(es)  [56/15, 21/22, 25/2, 11/7, 3/5]
  line 13793  DECIDED  n>=3  1 branch(es)  [56/15, 21/22, 25/2, 11/7, 33/5]
  line 13794  DECIDED  n>=2  1 branch(es)  [56/15, 21/22, 25/2, 11/7, 6/5]
  line 13795  DECIDED  n>=3  1 branch(es)  [56/15, 21/22, 25/2, 11/7, 9/5]
  line 13804  DECIDED  n>=3  1 branch(es)  [56/15, 21/22, 5/2, 11/7, 12/5]
  line 13805  DECIDED  n>=0  1 branch(es)  [56/15, 21/22, 5/2, 11/7, 18/5]
  line 13806  DECIDED  n>=2  1 branch(es)  [56/15, 21/22, 5/2, 11/7, 28/5]
  line 13807  DECIDED  n>=0  1 branch(es)  [56/15, 21/22, 5/2, 11/7, 42/5]
  line 13808  DECIDED  n>=0  1 branch(es)  [56/15, 21/22, 5/2, 11/7, 44/5]
  line 13809  DECIDED  n>=3  1 branch(es)  [56/15, 21/22, 5/2, 11/7, 6/5]
  line 13822  DECIDED  n>=2  1 branch(es)  [56/15, 21/44, 25/2, 11/7, 3/5]
  line 13825  DECIDED  n>=1  1 branch(es)  [56/15, 3/154, 25/7, 11/5, 21/2]
  line 13826  DECIDED  n>=2  1 branch(es)  [56/15, 3/154, 35/2, 11/5, 4/7]
  line 13835  DECIDED  n>=1  1 branch(es)  [56/15, 3/22, 25/2, 121/7, 14/5]
  line 13844  DECIDED  n>=1  1 branch(es)  [56/15, 3/22, 5/2, 121/7, 28/5]
  line 13845  DECIDED  n>=1  1 branch(es)  [56/15, 3/22, 5/2, 121/7, 42/5]
  line 13860  DECIDED  n>=1  1 branch(es)  [56/15, 3/44, 175/2, 11/7, 3/11]
  line 13861  DECIDED  n>=1  1 branch(es)  [56/15, 3/44, 175/2, 11/7, 3/5]
  line 13862  DECIDED  n>=1  1 branch(es)  [56/15, 3/44, 25/2, 121/7, 3/5]
  line 13863  DECIDED  n>=2  1 branch(es)  [56/15, 3/44, 5/2, 11/7, 28/5]
  line 13900  DECIDED  n>=3  1 branch(es)  [56/15, 9/77, 11/6, 55/2, 3/11]
    ... 13900/21233 scanned, 1762 decided, 29353s
  line 13911  DECIDED  n>=2  1 branch(es)  [567/10, 35/33, 2/3, 11/7, 15/2]
  line 13926  DECIDED  n>=2  1 branch(es)  [63/10, 1/231, 2/3, 121/2, 75/11]
  line 13929  DECIDED  n>=1  1 branch(es)  [63/10, 1/231, 4/7, 33/2, 175/3]
  line 13932  DECIDED  n>=3  1 branch(es)  [63/10, 1/2541, 4/3, 11/2, 75/11]
  line 13948  DECIDED  n>=1  1 branch(es)  [63/10, 102487/2, 2/33, 5/7, 2/11]
  line 13949  DECIDED  n>=1  1 branch(es)  [63/10, 102487/2, 2/33, 5/7, 3/11]
  line 13957  DECIDED  n>=3  2 branch(es)  [63/10, 11/2, 4/231, 5/3, 12/11]
  line 13958  DECIDED  n>=2  2 branch(es)  [63/10, 11/2, 4/231, 5/3, 20/11]
  line 13959  DECIDED  n>=1  1 branch(es)  [63/10, 11/2, 4/33, 25/7, 20/11]
  line 13960  DECIDED  n>=1  1 branch(es)  [63/10, 11/2, 4/33, 25/7, 28/11]
  line 13961  DECIDED  n>=1  1 branch(es)  [63/10, 11/2, 4/33, 25/7, 42/11]
  line 13976  DECIDED  n>=2  2 branch(es)  [63/10, 11/2, 4/77, 5/9, 20/11]
  line 13978  DECIDED  n>=2  2 branch(es)  [63/10, 11/2, 4/99, 5/7, 20/11]
  line 13979  DECIDED  n>=3  2 branch(es)  [63/10, 11/2, 4/99, 5/7, 28/11]
  line 13986  DECIDED  n>=2  2 branch(es)  [63/10, 11/2, 8/77, 5/3, 42/11]
  line 14007  DECIDED  n>=3  2 branch(es)  [63/10, 121/2, 14/165, 5/7, 10/11]
  line 14016  DECIDED  n>=0  1 branch(es)  [63/10, 121/2, 2/33, 5/7, 10/11, 1/3]
  line 14017  DECIDED  n>=0  1 branch(es)  [63/10, 121/2, 2/33, 5/7, 10/11, 1/5]
  line 14018  DECIDED  n>=0  1 branch(es)  [63/10, 121/2, 2/33, 5/7, 10/11]
  line 14019  DECIDED  n>=0  1 branch(es)  [63/10, 121/2, 2/33, 5/7, 100/11]
  line 14020  DECIDED  n>=1  1 branch(es)  [63/10, 121/2, 2/33, 5/7, 126/11]
  line 14021  DECIDED  n>=1  1 branch(es)  [63/10, 121/2, 2/33, 5/7, 14/11, 1/3]
  line 14022  DECIDED  n>=1  1 branch(es)  [63/10, 121/2, 2/33, 5/7, 14/11, 1/5]
  line 14023  DECIDED  n>=1  1 branch(es)  [63/10, 121/2, 2/33, 5/7, 14/11]
  line 14024  DECIDED  n>=1  1 branch(es)  [63/10, 121/2, 2/33, 5/7, 140/11]
  line 14025  DECIDED  n>=1  1 branch(es)  [63/10, 121/2, 2/33, 5/7, 189/11]
  line 14026  DECIDED  n>=1  1 branch(es)  [63/10, 121/2, 2/33, 5/7, 196/11]
  line 14027  DECIDED  n>=2  1 branch(es)  [63/10, 121/2, 2/33, 5/7, 20/11]
  line 14028  DECIDED  n>=2  1 branch(es)  [63/10, 121/2, 2/33, 5/7, 20/121]
  line 14029  DECIDED  n>=0  1 branch(es)  [63/10, 121/2, 2/33, 5/7, 210/11]
  line 14030  DECIDED  n>=3  1 branch(es)  [63/10, 121/2, 2/33, 5/7, 28/11]
  line 14031  DECIDED  n>=3  1 branch(es)  [63/10, 121/2, 2/33, 5/7, 28/121]
  line 14032  DECIDED  n>=0  1 branch(es)  [63/10, 121/2, 2/33, 5/7, 294/11]
  line 14033  DECIDED  n>=0  1 branch(es)  [63/10, 121/2, 2/33, 5/7, 30/11]
  line 14034  DECIDED  n>=3  1 branch(es)  [63/10, 121/2, 2/33, 5/7, 40/11]
  line 14035  DECIDED  n>=1  1 branch(es)  [63/10, 121/2, 2/33, 5/7, 42/11]
  line 14036  DECIDED  n>=1  1 branch(es)  [63/10, 121/2, 2/33, 5/7, 42/121]
  line 14038  DECIDED  n>=2  1 branch(es)  [63/10, 121/2, 2/33, 5/7, 60/11]
  line 14039  DECIDED  n>=1  1 branch(es)  [63/10, 121/2, 2/33, 5/7, 63/11]
  line 14040  DECIDED  n>=3  1 branch(es)  [63/10, 121/2, 2/33, 5/7, 84/11]
  line 14041  DECIDED  n>=0  1 branch(es)  [63/10, 121/2, 2/33, 5/7, 90/11]
  line 14056  DECIDED  n>=1  1 branch(es)  [63/10, 121/2, 4/33, 25/7, 10/11]
  line 14057  DECIDED  n>=1  1 branch(es)  [63/10, 121/2, 4/33, 25/7, 14/11]
  line 14058  DECIDED  n>=1  1 branch(es)  [63/10, 121/2, 4/33, 25/7, 15/11]
  line 14059  DECIDED  n>=1  1 branch(es)  [63/10, 121/2, 4/33, 25/7, 21/11]
  line 14079  DECIDED  n>=1  1 branch(es)  [63/10, 121/2, 4/77, 5/3, 10/11]
  line 14080  DECIDED  n>=0  1 branch(es)  [63/10, 121/2, 4/77, 5/3, 105/11]
  line 14081  DECIDED  n>=2  1 branch(es)  [63/10, 121/2, 4/77, 5/3, 12/11]
  line 14082  DECIDED  n>=2  1 branch(es)  [63/10, 121/2, 4/77, 5/3, 147/11]
  line 14083  DECIDED  n>=1  1 branch(es)  [63/10, 121/2, 4/77, 5/3, 18/11]
  line 14084  DECIDED  n>=1  1 branch(es)  [63/10, 121/2, 4/77, 5/3, 20/11]
  line 14085  DECIDED  n>=2  1 branch(es)  [63/10, 121/2, 4/77, 5/3, 21/11]
  line 14086  DECIDED  n>=1  1 branch(es)  [63/10, 121/2, 4/77, 5/3, 245/11]
  line 14087  DECIDED  n>=1  1 branch(es)  [63/10, 121/2, 4/77, 5/3, 30/11]
  line 14088  DECIDED  n>=1  1 branch(es)  [63/10, 121/2, 4/77, 5/3, 35/11]
  line 14089  DECIDED  n>=2  1 branch(es)  [63/10, 121/2, 4/77, 5/3, 42/11]
  line 14090  DECIDED  n>=0  1 branch(es)  [63/10, 121/2, 4/77, 5/3, 50/11]
  line 14091  DECIDED  n>=2  1 branch(es)  [63/10, 121/2, 4/77, 5/3, 6/11]
  line 14092  DECIDED  n>=1  1 branch(es)  [63/10, 121/2, 4/77, 5/3, 63/11]
  line 14093  DECIDED  n>=1  1 branch(es)  [63/10, 121/2, 4/77, 5/3, 70/11]
  line 14105  DECIDED  n>=1  2 branch(es)  [63/10, 121/2, 8/77, 5/3, 10/11]
  line 14106  DECIDED  n>=2  2 branch(es)  [63/10, 121/2, 8/77, 5/3, 21/11]
  line 14107  DECIDED  n>=1  2 branch(es)  [63/10, 121/2, 8/77, 5/3, 35/11]
  line 14108  DECIDED  n>=2  2 branch(es)  [63/10, 121/2, 8/77, 5/3, 6/11]
  line 14109  DECIDED  n>=2  1 branch(es)  [63/10, 121/5, 5/33, 4/77, 35/2]
  line 14115  DECIDED  n>=0  1 branch(es)  [63/10, 1331/2, 2/33, 25/7, 10/11]
  line 14116  DECIDED  n>=0  1 branch(es)  [63/10, 1331/2, 2/33, 25/7, 14/11]
  line 14117  DECIDED  n>=0  1 branch(es)  [63/10, 1331/2, 2/33, 25/7, 15/11]
  line 14140  DECIDED  n>=1  1 branch(es)  [63/10, 1331/2, 4/77, 5/3, 10/11]
  line 14141  DECIDED  n>=2  1 branch(es)  [63/10, 1331/2, 4/77, 5/3, 21/11]
  line 14142  DECIDED  n>=1  1 branch(es)  [63/10, 1331/2, 4/77, 5/3, 35/11]
  line 14143  DECIDED  n>=2  1 branch(es)  [63/10, 1331/2, 4/77, 5/3, 6/11]
  line 14144  DECIDED  n>=3  2 branch(es)  [63/10, 14/165, 121/2, 5/7, 10/11]
  line 14269  DECIDED  n>=1  1 branch(es)  [63/10, 2/165, 4235/2, 5/7, 2/11]
  line 14270  DECIDED  n>=1  1 branch(es)  [63/10, 2/165, 5929/2, 5/7, 2/11]
  line 14271  DECIDED  n>=1  1 branch(es)  [63/10, 2/33, 102487/2, 5/7, 2/11]
  line 14272  DECIDED  n>=1  1 branch(es)  [63/10, 2/33, 102487/2, 5/7, 3/11]
  line 14275  DECIDED  n>=2  2 branch(es)  [63/10, 2/33, 121/2, 25/49, 10/11]
  line 14279  DECIDED  n>=2  2 branch(es)  [63/10, 2/33, 121/2, 5/7, 10/11, 1/3]
  line 14280  DECIDED  n>=2  2 branch(es)  [63/10, 2/33, 121/2, 5/7, 10/11, 1/5]
  line 14281  DECIDED  n>=2  2 branch(es)  [63/10, 2/33, 121/2, 5/7, 10/11]
  line 14282  DECIDED  n>=1  2 branch(es)  [63/10, 2/33, 121/2, 5/7, 100/11]
  line 14283  DECIDED  n>=2  1 branch(es)  [63/10, 2/33, 121/2, 5/7, 126/11]
  line 14287  DECIDED  n>=2  2 branch(es)  [63/10, 2/33, 121/2, 5/7, 140/11]
  line 14288  DECIDED  n>=1  1 branch(es)  [63/10, 2/33, 121/2, 5/7, 189/11]
  line 14290  DECIDED  n>=2  1 branch(es)  [63/10, 2/33, 121/2, 5/7, 20/11]
  line 14291  DECIDED  n>=2  1 branch(es)  [63/10, 2/33, 121/2, 5/7, 20/121]
  line 14292  DECIDED  n>=0  1 branch(es)  [63/10, 2/33, 121/2, 5/7, 210/11]
  line 14293  DECIDED  n>=3  1 branch(es)  [63/10, 2/33, 121/2, 5/7, 28/11]
  line 14294  DECIDED  n>=3  1 branch(es)  [63/10, 2/33, 121/2, 5/7, 28/121]
  line 14295  DECIDED  n>=1  1 branch(es)  [63/10, 2/33, 121/2, 5/7, 294/11]
  line 14296  DECIDED  n>=1  1 branch(es)  [63/10, 2/33, 121/2, 5/7, 30/11]
  line 14297  DECIDED  n>=3  1 branch(es)  [63/10, 2/33, 121/2, 5/7, 40/11]
  line 14298  DECIDED  n>=3  1 branch(es)  [63/10, 2/33, 121/2, 5/7, 42/11]
  line 14299  DECIDED  n>=2  2 branch(es)  [63/10, 2/33, 121/2, 5/7, 42/121]
  line 14301  DECIDED  n>=2  1 branch(es)  [63/10, 2/33, 121/2, 5/7, 60/11]
  line 14302  DECIDED  n>=2  2 branch(es)  [63/10, 2/33, 121/2, 5/7, 63/11]
  line 14303  DECIDED  n>=3  1 branch(es)  [63/10, 2/33, 121/2, 5/7, 84/11]
  line 14304  DECIDED  n>=2  1 branch(es)  [63/10, 2/33, 121/2, 5/7, 90/11]
  line 14309  DECIDED  n>=1  2 branch(es)  [63/10, 2/33, 1331/2, 25/7, 15/11]
  line 14361  DECIDED  n>=2  2 branch(es)  [63/10, 2/33, 847/2, 5/49, 15/7]
  line 14362  DECIDED  n>=2  2 branch(es)  [63/10, 2/33, 847/2, 5/49, 9/11]
  line 14363  DECIDED  n>=1  2 branch(es)  [63/10, 2/33, 9317/2, 5/7, 10/11]
  line 14364  DECIDED  n>=2  1 branch(es)  [63/10, 2/33, 9317/2, 5/7, 14/11]
  line 14366  DECIDED  n>=2  2 branch(es)  [63/10, 2/33, 9317/2, 5/7, 2/121]
  line 14367  DECIDED  n>=2  2 branch(es)  [63/10, 2/33, 9317/2, 5/7, 3/11]
  line 14368  DECIDED  n>=3  1 branch(es)  [63/10, 2/33, 9317/2, 5/7, 4/11]
  line 14383  DECIDED  n>=2  1 branch(es)  [63/10, 25/231, 2/3, 77/2, 9/7]
  line 14386  DECIDED  n>=2  2 branch(es)  [63/10, 25/33, 2/3, 11/7, 105/2]
  line 14387  DECIDED  n>=1  2 branch(es)  [63/10, 25/33, 2/3, 11/7, 441/2]
  line 14389  DECIDED  n>=1  2 branch(es)  [63/10, 25/33, 2/3, 11/7, 693/2]
  line 14391  DECIDED  n>=2  1 branch(es)  [63/10, 25/33, 4/3, 11/7, 147/2]
  line 14395  DECIDED  n>=2  1 branch(es)  [63/10, 25/99, 4/3, 11/7, 15/2]
  line 14432  DECIDED  n>=1  1 branch(es)  [63/10, 28/9, 1/21, 121/2, 15/11]
  line 14433  DECIDED  n>=1  1 branch(es)  [63/10, 28/9, 121/2, 1/21, 15/11]
  line 14434  DECIDED  n>=3  1 branch(es)  [63/10, 28/9, 121/2, 5/21, 3/11]
  line 14435  DECIDED  n>=3  1 branch(es)  [63/10, 28/9, 5/21, 121/2, 3/11]
  line 14442  DECIDED  n>=2  2 branch(es)  [63/10, 33/2, 8/77, 5/9, 7/3]
  line 14445  DECIDED  n>=1  1 branch(es)  [63/10, 35/33, 2/3, 11/49, 105/2]
  line 14446  DECIDED  n>=1  1 branch(es)  [63/10, 35/33, 2/3, 11/49, 99/2]
  line 14451  DECIDED  n>=2  1 branch(es)  [63/10, 35/33, 4/3, 11/7, 105/2]
  line 14452  DECIDED  n>=3  2 branch(es)  [63/10, 35/33, 4/3, 11/7, 147/2]
  line 14453  DECIDED  n>=2  1 branch(es)  [63/10, 35/33, 4/3, 11/7, 15/2]
  line 14454  DECIDED  n>=1  1 branch(es)  [63/10, 35/33, 4/3, 11/7, 21/2]
  line 14455  DECIDED  n>=2  1 branch(es)  [63/10, 35/33, 4/3, 11/7, 45/2]
  line 14456  DECIDED  n>=1  1 branch(es)  [63/10, 35/33, 4/3, 11/7, 63/2]
  line 14457  DECIDED  n>=2  1 branch(es)  [63/10, 35/33, 4/3, 11/7, 75/2]
  line 14458  DECIDED  n>=2  1 branch(es)  [63/10, 35/33, 4/3, 11/7, 99/2]
  line 14460  DECIDED  n>=2  1 branch(es)  [63/10, 35/33, 8/3, 11/7, 15/2]
  line 14461  DECIDED  n>=1  1 branch(es)  [63/10, 35/33, 8/3, 11/7, 21/2]
  line 14462  DECIDED  n>=1  1 branch(es)  [63/10, 35/363, 2/3, 11/7, 105/2]
  line 14463  DECIDED  n>=1  1 branch(es)  [63/10, 35/363, 2/3, 11/7, 165/2]
  line 14464  DECIDED  n>=2  1 branch(es)  [63/10, 363/2, 4/231, 5/3, 2/11]
  line 14495  DECIDED  n>=2  1 branch(es)  [63/10, 4/231, 363/2, 5/3, 2/11]
  line 14496  DECIDED  n>=2  1 branch(es)  [63/10, 4/231, 77/2, 5/7, 4/11]
  line 14497  DECIDED  n>=2  1 branch(es)  [63/10, 4/231, 847/2, 5/7, 2/11]
  line 14498  DECIDED  n>=1  1 branch(es)  [63/10, 4/33, 11/2, 25/7, 20/11]
  line 14499  DECIDED  n>=1  1 branch(es)  [63/10, 4/33, 11/2, 25/7, 28/11]
  line 14500  DECIDED  n>=2  1 branch(es)  [63/10, 4/33, 11/2, 25/7, 42/11]
    ... 14500/21233 scanned, 1901 decided, 30411s
  line 14514  DECIDED  n>=3  1 branch(es)  [63/10, 4/33, 121/2, 25/7, 10/11]
  line 14515  DECIDED  n>=2  1 branch(es)  [63/10, 4/33, 121/2, 25/7, 14/11]
  line 14516  DECIDED  n>=3  1 branch(es)  [63/10, 4/33, 121/2, 25/7, 15/11]
  line 14517  DECIDED  n>=1  1 branch(es)  [63/10, 4/33, 121/2, 25/7, 21/11]
  line 14604  DECIDED  n>=2  1 branch(es)  [63/10, 4/77, 121/2, 5/3, 10/11]
  line 14605  DECIDED  n>=0  1 branch(es)  [63/10, 4/77, 121/2, 5/3, 105/11]
  line 14606  DECIDED  n>=3  1 branch(es)  [63/10, 4/77, 121/2, 5/3, 12/11]
  line 14607  DECIDED  n>=2  1 branch(es)  [63/10, 4/77, 121/2, 5/3, 147/11]
  line 14609  DECIDED  n>=2  1 branch(es)  [63/10, 4/77, 121/2, 5/3, 20/11]
  line 14610  DECIDED  n>=3  1 branch(es)  [63/10, 4/77, 121/2, 5/3, 21/11]
  line 14611  DECIDED  n>=3  1 branch(es)  [63/10, 4/77, 121/2, 5/3, 245/11]
  line 14612  DECIDED  n>=3  2 branch(es)  [63/10, 4/77, 121/2, 5/3, 30/11]
  line 14613  DECIDED  n>=3  1 branch(es)  [63/10, 4/77, 121/2, 5/3, 35/11]
  line 14614  DECIDED  n>=3  1 branch(es)  [63/10, 4/77, 121/2, 5/3, 42/11]
  line 14615  DECIDED  n>=2  2 branch(es)  [63/10, 4/77, 121/2, 5/3, 50/11]
  line 14616  DECIDED  n>=3  1 branch(es)  [63/10, 4/77, 121/2, 5/3, 6/11]
  line 14617  DECIDED  n>=2  1 branch(es)  [63/10, 4/77, 121/2, 5/3, 63/11]
  line 14618  DECIDED  n>=3  1 branch(es)  [63/10, 4/77, 121/2, 5/3, 70/11]
  line 14623  DECIDED  n>=2  1 branch(es)  [63/10, 4/77, 1331/2, 5/3, 10/11]
  line 14624  DECIDED  n>=3  1 branch(es)  [63/10, 4/77, 1331/2, 5/3, 21/11]
  line 14625  DECIDED  n>=2  1 branch(es)  [63/10, 4/77, 1331/2, 5/3, 35/11]
  line 14626  DECIDED  n>=3  1 branch(es)  [63/10, 4/77, 1331/2, 5/3, 6/11]
  line 14660  DECIDED  n>=2  1 branch(es)  [63/10, 4/99, 847/2, 5/7, 2/11]
  line 14661  DECIDED  n>=1  1 branch(es)  [63/10, 4235/2, 2/165, 5/7, 2/11]
  line 14666  DECIDED  n>=2  1 branch(es)  [63/10, 5/231, 2/3, 121/2, 15/11]
  line 14670  DECIDED  n>=2  1 branch(es)  [63/10, 5/231, 2/3, 1331/2, 10/11]
  line 14671  DECIDED  n>=2  1 branch(es)  [63/10, 5/231, 2/3, 1331/2, 15/11]
  line 14674  DECIDED  n>=1  1 branch(es)  [63/10, 5/231, 4/7, 33/2, 35/3]
  line 14675  DECIDED  n>=3  1 branch(es)  [63/10, 5/2541, 4/3, 11/2, 15/11]
  line 14677  DECIDED  n>=2  1 branch(es)  [63/10, 5/33, 121/5, 4/77, 35/2]
  line 14678  DECIDED  n>=2  1 branch(es)  [63/10, 5/33, 14/3, 11/49, 15/2]
  line 14680  DECIDED  n>=1  1 branch(es)  [63/10, 5/33, 14/3, 11/49, 99/2]
  line 14689  DECIDED  n>=2  1 branch(es)  [63/10, 5/33, 2/3, 11/7, 105/2, 1/11]
  line 14690  DECIDED  n>=2  1 branch(es)  [63/10, 5/33, 2/3, 11/7, 105/2, 1/5]
  line 14691  DECIDED  n>=2  1 branch(es)  [63/10, 5/33, 2/3, 11/7, 105/2]
  line 14693  DECIDED  n>=1  1 branch(es)  [63/10, 5/33, 2/3, 11/7, 2205/2]
  line 14694  DECIDED  n>=1  1 branch(es)  [63/10, 5/33, 2/3, 11/7, 2625/2]
  line 14695  DECIDED  n>=1  1 branch(es)  [63/10, 5/33, 2/3, 11/7, 3465/2]
  line 14696  DECIDED  n>=1  1 branch(es)  [63/10, 5/33, 2/3, 11/7, 3675/2]
  line 14697  DECIDED  n>=1  1 branch(es)  [63/10, 5/33, 2/3, 11/7, 441/2]
  line 14698  DECIDED  n>=1  1 branch(es)  [63/10, 5/33, 2/3, 11/7, 525/2]
  line 14699  DECIDED  n>=1  1 branch(es)  [63/10, 5/33, 2/3, 11/7, 693/2]
  line 14701  DECIDED  n>=2  1 branch(es)  [63/10, 5/33, 2/3, 121/49, 105/2]
  line 14704  DECIDED  n>=2  2 branch(es)  [63/10, 5/33, 28/3, 11/7, 105/2]
  line 14705  DECIDED  n>=3  2 branch(es)  [63/10, 5/33, 28/3, 11/7, 21/2]
  line 14709  DECIDED  n>=0  1 branch(es)  [63/10, 5/33, 4/3, 121/7, 105/2]
  line 14710  DECIDED  n>=2  1 branch(es)  [63/10, 5/33, 4/3, 121/7, 15/2]
  line 14711  DECIDED  n>=3  2 branch(es)  [63/10, 5/33, 4/3, 121/7, 21/2]
  line 14712  DECIDED  n>=2  1 branch(es)  [63/10, 5/33, 4/3, 121/7, 45/2]
  line 14713  DECIDED  n>=0  1 branch(es)  [63/10, 5/33, 4/3, 121/7, 63/2]
  line 14714  DECIDED  n>=2  1 branch(es)  [63/10, 5/33, 4/3, 121/7, 75/2]
  line 14715  DECIDED  n>=2  1 branch(es)  [63/10, 5/33, 4/3, 121/7, 99/2]
  line 14718  DECIDED  n>=2  1 branch(es)  [63/10, 5/33, 8/3, 121/7, 15/2]
  line 14719  DECIDED  n>=0  1 branch(es)  [63/10, 5/33, 8/3, 121/7, 21/2]
  line 14720  DECIDED  n>=2  1 branch(es)  [63/10, 5/363, 14/3, 11/7, 15/2]
  line 14722  DECIDED  n>=2  1 branch(es)  [63/10, 5/363, 2/3, 121/7, 105/2]
  line 14743  DECIDED  n>=1  1 branch(es)  [63/10, 5929/2, 2/165, 5/7, 2/11]
  line 14750  DECIDED  n>=1  1 branch(es)  [63/10, 77/2, 4/231, 5/7, 4/11]
  line 14781  DECIDED  n>=2  2 branch(es)  [63/10, 8/77, 11/2, 5/3, 42/11]
  line 14782  DECIDED  n>=2  2 branch(es)  [63/10, 8/77, 121/2, 5/3, 10/11]
  line 14783  DECIDED  n>=3  2 branch(es)  [63/10, 8/77, 121/2, 5/3, 21/11]
  line 14784  DECIDED  n>=3  2 branch(es)  [63/10, 8/77, 121/2, 5/3, 35/11]
  line 14785  DECIDED  n>=3  2 branch(es)  [63/10, 8/77, 121/2, 5/3, 6/11]
  line 14793  DECIDED  n>=3  2 branch(es)  [63/10, 8/77, 33/2, 5/9, 7/3]
  line 14800  DECIDED  n>=1  1 branch(es)  [63/10, 847/2, 2/33, 5/49, 14/11]
    ... 14800/21233 scanned, 1966 decided, 31207s
  line 14801  DECIDED  n>=0  1 branch(es)  [63/10, 847/2, 2/33, 5/49, 15/7]
  line 14802  DECIDED  n>=1  1 branch(es)  [63/10, 847/2, 2/33, 5/49, 9/11]
  line 14806  DECIDED  n>=2  1 branch(es)  [63/10, 847/2, 4/231, 5/7, 2/11]
  line 14821  DECIDED  n>=2  1 branch(es)  [63/10, 847/2, 4/99, 5/7, 2/11]
  line 14826  DECIDED  n>=0  1 branch(es)  [63/10, 9317/2, 2/33, 5/7, 10/11]
  line 14827  DECIDED  n>=1  1 branch(es)  [63/10, 9317/2, 2/33, 5/7, 14/11]
  line 14828  DECIDED  n>=1  1 branch(es)  [63/10, 9317/2, 2/33, 5/7, 2/11]
  line 14829  DECIDED  n>=1  1 branch(es)  [63/10, 9317/2, 2/33, 5/7, 2/121]
  line 14830  DECIDED  n>=1  1 branch(es)  [63/10, 9317/2, 2/33, 5/7, 3/11]
  line 14831  DECIDED  n>=1  1 branch(es)  [63/10, 9317/2, 2/33, 5/7, 4/11]
  line 14832  DECIDED  n>=1  1 branch(es)  [63/10, 9317/2, 2/33, 5/7, 6/11]
  line 14833  DECIDED  n>=1  1 branch(es)  [63/10, 9317/2, 2/33, 5/7, 9/11]
  line 14834  DECIDED  n>=2  1 branch(es)  [63/10, 9317/2, 2/33, 5/7, 9/5]
  line 14840  DECIDED  n>=1  1 branch(es)  [63/20, 1/231, 4/3, 11/2, 75/11]
  line 14841  DECIDED  n>=1  1 branch(es)  [63/20, 11/2, 4/33, 5/7, 28/11]
  line 14842  DECIDED  n>=1  1 branch(es)  [63/20, 11/2, 4/33, 5/7, 42/11]
  line 14847  DECIDED  n>=1  1 branch(es)  [63/20, 4/33, 11/2, 5/7, 28/11]
  line 14848  DECIDED  n>=1  1 branch(es)  [63/20, 4/33, 11/2, 5/7, 42/11]
  line 14852  DECIDED  n>=2  1 branch(es)  [63/20, 5/231, 4/3, 11/2, 15/11]
  line 14878  DECIDED  n>=2  1 branch(es)  [675/14, 1/165, 2/3, 121/2, 21/11]
  line 14879  DECIDED  n>=1  1 branch(es)  [675/14, 121/2, 2/33, 7/5, 10/11]
  line 14880  DECIDED  n>=0  1 branch(es)  [675/14, 121/2, 2/33, 7/5, 14/11]
  line 14881  DECIDED  n>=1  1 branch(es)  [675/14, 2/33, 121/2, 7/5, 10/11]
  line 14882  DECIDED  n>=0  1 branch(es)  [675/14, 2/33, 121/2, 7/5, 14/11]
  line 14886  DECIDED  n>=1  1 branch(es)  [675/14, 7/33, 2/3, 11/5, 105/2]
  line 14890  DECIDED  n>=0  1 branch(es)  [675/2, 2/105, 11/5, 49/33, 5/7]
  line 14893  DECIDED  n>=1  1 branch(es)  [675/2, 2/35, 11/45, 49/11, 5/3]
  line 14903  DECIDED  n>=0  1 branch(es)  [675/77, 1/30, 7/3, 4/7, 33/2]
  line 14904  DECIDED  n>=1  1 branch(es)  [675/77, 4/7, 7/6, 11/5, 35/2]
  line 14906  DECIDED  n>=1  1 branch(es)  [675/77, 7/6, 4/7, 11/5, 35/2]
  line 14965  DECIDED  n>=1  2 branch(es)  [7/15, 1/14, 3267/7, 4/33, 35/2]
  line 14971  DECIDED  n>=1  1 branch(es)  [7/15, 1/14, 99/7, 16/33, 35/2]
  line 14982  DECIDED  n>=1  1 branch(es)  [7/15, 1/14, 99/7, 4/33, 175/2]
  line 14983  DECIDED  n>=1  1 branch(es)  [7/15, 1/14, 99/7, 4/33, 375/2]
  line 14995  DECIDED  n>=0  1 branch(es)  [7/15, 1/154, 99/7, 4/3, 175/2]
  line 14996  DECIDED  n>=0  1 branch(es)  [7/15, 1/154, 99/7, 4/3, 375/2]
  line 15099  DECIDED  n>=1  2 branch(es)  [7/15, 1/77, 108/7, 121/9, 35/2]
  line 15121  DECIDED  n>=1  1 branch(es)  [7/15, 1/77, 54/7, 11/9, 175/2]
  line 15122  DECIDED  n>=1  1 branch(es)  [7/15, 1/77, 54/7, 11/9, 375/2]
  line 15124  DECIDED  n>=1  2 branch(es)  [7/15, 1/77, 54/7, 242/9, 35/2]
  line 15128  DECIDED  n>=1  1 branch(es)  [7/15, 1/77, 6/7, 43923/2, 175/11]
  line 15194  DECIDED  n>=3  1 branch(es)  [7/15, 108/77, 11/3, 5/121, 21/2]
  line 15197  DECIDED  n>=2  1 branch(es)  [7/15, 1089/14, 4/3, 5/11, 147/2]
  line 15198  DECIDED  n>=2  1 branch(es)  [7/15, 1089/14, 4/3, 5/11, 21/2]
  line 15199  DECIDED  n>=2  1 branch(es)  [7/15, 1089/14, 4/3, 5/11, 231/2]
  line 15200  DECIDED  n>=2  1 branch(es)  [7/15, 1089/14, 4/3, 5/11, 33/2]
    ... 15200/21233 scanned, 2012 decided, 31532s
  line 15201  DECIDED  n>=3  2 branch(es)  [7/15, 1089/14, 4/3, 5/11, 363/2]
  line 15202  DECIDED  n>=2  1 branch(es)  [7/15, 1089/14, 4/3, 5/11, 45/2]
  line 15203  DECIDED  n>=2  1 branch(es)  [7/15, 1089/14, 4/3, 5/11, 63/2]
  line 15204  DECIDED  n>=2  1 branch(es)  [7/15, 1089/14, 4/3, 5/11, 99/2]
  line 15209  DECIDED  n>=2  1 branch(es)  [7/15, 1089/14, 8/3, 5/11, 21/2]
  line 15210  DECIDED  n>=2  1 branch(es)  [7/15, 1089/14, 8/3, 5/11, 33/2]
  line 15234  DECIDED  n>=3  1 branch(es)  [7/15, 11/3, 108/77, 5/121, 21/2]
  line 15269  DECIDED  n>=3  1 branch(es)  [7/15, 11/3, 54/77, 5/121, 21/2]
  line 15270  DECIDED  n>=3  1 branch(es)  [7/15, 11/3, 54/77, 5/121, 45/2]
  line 15309  DECIDED  n>=1  1 branch(es)  [7/15, 12/77, 121/3, 25/121, 21/2]
  line 15310  DECIDED  n>=1  2 branch(es)  [7/15, 12/77, 1331/3, 5/121, 21/2]
  line 15319  DECIDED  n>=1  1 branch(es)  [7/15, 121/3, 12/77, 25/121, 21/2]
  line 15322  DECIDED  n>=2  1 branch(es)  [7/15, 121/3, 18/77, 25/2, 63/5]
  line 15324  DECIDED  n>=3  1 branch(es)  [7/15, 121/3, 18/77, 5/1331, 21/2]
  line 15327  DECIDED  n>=2  1 branch(es)  [7/15, 121/3, 36/77, 5/2, 147/5]
  line 15328  DECIDED  n>=3  1 branch(es)  [7/15, 121/3, 36/77, 5/2, 21/5]
  line 15329  DECIDED  n>=3  1 branch(es)  [7/15, 121/3, 36/77, 5/2, 63/5]
  line 15341  DECIDED  n>=1  1 branch(es)  [7/15, 121/3, 6/77, 25/121, 21/2]
  line 15342  DECIDED  n>=1  1 branch(es)  [7/15, 121/3, 6/77, 25/121, 45/2]
  line 15346  DECIDED  n>=1  1 branch(es)  [7/15, 121/3, 6/77, 5/121, 1029/2]
  line 15347  DECIDED  n>=1  1 branch(es)  [7/15, 121/3, 6/77, 50/121, 21/2]
  line 15357  DECIDED  n>=1  1 branch(es)  [7/15, 1331/3, 12/77, 5/121, 21/2]
  line 15358  DECIDED  n>=3  1 branch(es)  [7/15, 1331/3, 36/77, 5/2, 21/5]
  line 15360  DECIDED  n>=1  1 branch(es)  [7/15, 1331/3, 6/77, 5/121, 21/2]
  line 15361  DECIDED  n>=1  1 branch(es)  [7/15, 1331/3, 6/77, 5/121, 45/2]
  line 15362  DECIDED  n>=1  1 branch(es)  [7/15, 1331/3, 6/77, 50/121, 3/2]
  line 15442  DECIDED  n>=2  1 branch(es)  [7/15, 18/77, 121/3, 25/2, 63/5]
  line 15444  DECIDED  n>=3  1 branch(es)  [7/15, 18/77, 121/3, 5/1331, 21/2]
  line 15480  DECIDED  n>=1  2 branch(es)  [7/15, 2/3, 297/14, 25/11, 231/2]
  line 15481  DECIDED  n>=2  2 branch(es)  [7/15, 2/3, 297/14, 25/11, 99/2]
  line 15483  DECIDED  n>=1  1 branch(es)  [7/15, 2/3, 3267/14, 5/11, 231/2]
  line 15495  DECIDED  n>=2  1 branch(es)  [7/15, 2/3, 99/14, 25/121, 231/2]
  line 15497  DECIDED  n>=1  1 branch(es)  [7/15, 2/3, 99/14, 5/11, 1089/2]
  line 15499  DECIDED  n>=1  1 branch(es)  [7/15, 2/3, 99/14, 5/11, 11319/2]
  line 15500  DECIDED  n>=1  2 branch(es)  [7/15, 2/3, 99/14, 5/11, 1617/2]
    ... 15500/21233 scanned, 2047 decided, 31758s
  line 15501  DECIDED  n>=1  1 branch(es)  [7/15, 2/3, 99/14, 5/11, 17787/2]
  line 15502  DECIDED  n>=2  1 branch(es)  [7/15, 2/3, 99/14, 5/11, 231/2, 1/5]
  line 15503  DECIDED  n>=2  1 branch(es)  [7/15, 2/3, 99/14, 5/11, 231/2, 1/7]
  line 15504  DECIDED  n>=2  1 branch(es)  [7/15, 2/3, 99/14, 5/11, 231/2]
  line 15505  DECIDED  n>=0  2 branch(es)  [7/15, 2/3, 99/14, 5/11, 3465/2]
  line 15506  DECIDED  n>=1  1 branch(es)  [7/15, 2/3, 99/14, 5/11, 495/2]
  line 15508  DECIDED  n>=1  2 branch(es)  [7/15, 2/3, 99/14, 5/11, 7623/2]
  line 15557  DECIDED  n>=1  1 branch(es)  [7/15, 22/3, 27/154, 5/11, 231/2]
  line 15613  DECIDED  n>=2  1 branch(es)  [7/15, 22/3, 99/14, 5/121, 21/2]
  line 15614  DECIDED  n>=1  1 branch(es)  [7/15, 22/3, 99/14, 5/121, 45/2]
  line 15616  DECIDED  n>=3  1 branch(es)  [7/15, 22/3, 99/70, 5/11, 21/2]
  line 15617  DECIDED  n>=2  1 branch(es)  [7/15, 22/3, 99/70, 5/11, 45/2]
  line 15618  DECIDED  n>=2  1 branch(es)  [7/15, 22/3, 99/70, 5/11, 99/2]
  line 15636  DECIDED  n>=0  1 branch(es)  [7/15, 242/3, 3/154, 50/11, 9/2]
  line 15639  DECIDED  n>=1  1 branch(es)  [7/15, 242/3, 3/77, 25/121, 21/2]
  line 15640  DECIDED  n>=1  1 branch(es)  [7/15, 242/3, 3/77, 25/121, 45/2]
  line 15641  DECIDED  n>=1  1 branch(es)  [7/15, 242/3, 3/77, 25/121, 539/2]
  line 15658  DECIDED  n>=1  1 branch(es)  [7/15, 242/3, 3/77, 50/121, 21/2]
  line 15660  DECIDED  n>=1  1 branch(es)  [7/15, 242/3, 6/77, 25/121, 21/2]
  line 15666  DECIDED  n>=3  1 branch(es)  [7/15, 242/3, 9/77, 25/1331, 3/2]
  line 15692  DECIDED  n>=1  1 branch(es)  [7/15, 2662/3, 3/77, 5/121, 21/2]
  line 15693  DECIDED  n>=1  1 branch(es)  [7/15, 2662/3, 3/77, 5/121, 45/2]
  line 15694  DECIDED  n>=1  1 branch(es)  [7/15, 2662/3, 3/77, 5/121, 539/2]
  line 15695  DECIDED  n>=1  1 branch(es)  [7/15, 2662/3, 3/77, 50/121, 3/2]
  line 15696  DECIDED  n>=1  1 branch(es)  [7/15, 2662/3, 6/77, 25/121, 3/2]
  line 15697  DECIDED  n>=1  1 branch(es)  [7/15, 2662/3, 6/77, 5/121, 21/2]
  line 15710  DECIDED  n>=1  1 branch(es)  [7/15, 27/154, 22/3, 5/11, 231/2]
  line 15735  DECIDED  n>=2  1 branch(es)  [7/15, 27/77, 50/7, 11/25, 21/2]
  line 15775  DECIDED  n>=1  2 branch(es)  [7/15, 297/14, 2/3, 25/11, 231/2]
  line 15776  DECIDED  n>=2  2 branch(es)  [7/15, 297/14, 2/3, 25/11, 99/2]
  line 15798  DECIDED  n>=2  2 branch(es)  [7/15, 3/14, 125/7, 4/55, 847/2]
  line 15799  DECIDED  n>=2  2 branch(es)  [7/15, 3/14, 1375/7, 4/55, 77/2]
  line 15800  DECIDED  n>=2  2 branch(es)  [7/15, 3/14, 15125/7, 4/55, 7/2]
    ... 15800/21233 scanned, 2080 decided, 31893s
  line 15803  DECIDED  n>=2  1 branch(es)  [7/15, 3/14, 25/7, 16/55, 77/2]
  line 15804  DECIDED  n>=1  1 branch(es)  [7/15, 3/14, 25/7, 4/55, 2541/2]
  line 15806  DECIDED  n>=2  1 branch(es)  [7/15, 3/14, 275/7, 16/55, 7/2]
  line 15810  DECIDED  n>=1  1 branch(es)  [7/15, 3/14, 275/7, 4/55, 21/2]
  line 15812  DECIDED  n>=1  1 branch(es)  [7/15, 3/14, 275/7, 4/55, 45/2]
  line 15814  DECIDED  n>=1  1 branch(es)  [7/15, 3/14, 275/7, 8/55, 49/2]
  line 15823  DECIDED  n>=2  1 branch(es)  [7/15, 3/154, 15125/7, 4/5, 7/2]
  line 15825  DECIDED  n>=1  1 branch(es)  [7/15, 3/154, 242/3, 50/11, 9/2]
  line 15826  DECIDED  n>=1  1 branch(es)  [7/15, 3/154, 250/7, 22/5, 49/2]
  line 15830  DECIDED  n>=0  1 branch(es)  [7/15, 3/154, 275/7, 4/5, 21/2]
  line 15831  DECIDED  n>=0  1 branch(es)  [7/15, 3/154, 275/7, 4/5, 45/2]
  line 15878  DECIDED  n>=1  1 branch(es)  [7/15, 3/77, 242/3, 25/121, 21/2]
  line 15879  DECIDED  n>=1  1 branch(es)  [7/15, 3/77, 242/3, 25/121, 45/2]
  line 15880  DECIDED  n>=1  1 branch(es)  [7/15, 3/77, 242/3, 25/121, 539/2]
  line 15897  DECIDED  n>=1  1 branch(es)  [7/15, 3/77, 242/3, 50/121, 21/2]
  line 15898  DECIDED  n>=1  2 branch(es)  [7/15, 3/77, 250/7, 11/25, 21/2]
  line 15899  DECIDED  n>=1  2 branch(es)  [7/15, 3/77, 250/7, 11/25, 45/2]
  line 15900  DECIDED  n>=1  2 branch(es)  [7/15, 3/77, 250/7, 11/25, 539/2]
    ... 15900/21233 scanned, 2098 decided, 31977s
  line 15904  DECIDED  n>=2  2 branch(es)  [7/15, 3/77, 250/7, 242/25, 7/2]
  line 15908  DECIDED  n>=1  2 branch(es)  [7/15, 3/77, 2662/3, 5/121, 21/2]
  line 15909  DECIDED  n>=1  2 branch(es)  [7/15, 3/77, 2662/3, 5/121, 45/2]
  line 15910  DECIDED  n>=1  2 branch(es)  [7/15, 3/77, 2662/3, 5/121, 539/2]
  line 15911  DECIDED  n>=2  2 branch(es)  [7/15, 3/77, 2662/3, 50/121, 3/2]
  line 15934  DECIDED  n>=1  1 branch(es)  [7/15, 3/77, 50/7, 121/25, 21/2]
  line 15935  DECIDED  n>=1  1 branch(es)  [7/15, 3/77, 50/7, 121/25, 45/2]
  line 15936  DECIDED  n>=1  1 branch(es)  [7/15, 3/77, 50/7, 121/25, 539/2]
  line 15938  DECIDED  n>=1  1 branch(es)  [7/15, 3/77, 50/7, 242/25, 21/2]
  line 15939  DECIDED  n>=2  2 branch(es)  [7/15, 3/77, 500/7, 121/25, 7/2]
  line 15940  DECIDED  n>=2  2 branch(es)  [7/15, 3/77, 5324/3, 25/121, 3/2]
  line 15962  DECIDED  n>=1  1 branch(es)  [7/15, 3267/14, 2/3, 5/11, 231/2]
  line 16012  DECIDED  n>=2  1 branch(es)  [7/15, 36/77, 121/3, 5/2, 147/5]
  line 16013  DECIDED  n>=3  1 branch(es)  [7/15, 36/77, 121/3, 5/2, 21/5]
  line 16014  DECIDED  n>=3  1 branch(es)  [7/15, 36/77, 121/3, 5/2, 63/5]
  line 16015  DECIDED  n>=3  1 branch(es)  [7/15, 36/77, 1331/3, 5/2, 21/5]
  line 16054  DECIDED  n>=1  1 branch(es)  [7/15, 4/3, 1089/14, 5/11, 147/2]
  line 16055  DECIDED  n>=1  1 branch(es)  [7/15, 4/3, 1089/14, 5/11, 21/2]
  line 16056  DECIDED  n>=1  1 branch(es)  [7/15, 4/3, 1089/14, 5/11, 231/2]
  line 16057  DECIDED  n>=2  1 branch(es)  [7/15, 4/3, 1089/14, 5/11, 33/2]
  line 16058  DECIDED  n>=1  1 branch(es)  [7/15, 4/3, 1089/14, 5/11, 363/2]
  line 16059  DECIDED  n>=1  1 branch(es)  [7/15, 4/3, 1089/14, 5/11, 45/2]
  line 16060  DECIDED  n>=1  1 branch(es)  [7/15, 4/3, 1089/14, 5/11, 63/2]
  line 16061  DECIDED  n>=2  1 branch(es)  [7/15, 4/3, 1089/14, 5/11, 99/2]
  line 16078  DECIDED  n>=1  1 branch(es)  [7/15, 4/3, 99/14, 25/11, 147/2]
  line 16079  DECIDED  n>=1  1 branch(es)  [7/15, 4/3, 99/14, 25/11, 21/2]
  line 16080  DECIDED  n>=1  1 branch(es)  [7/15, 4/3, 99/14, 25/11, 231/2]
  line 16081  DECIDED  n>=1  1 branch(es)  [7/15, 4/3, 99/14, 25/11, 33/2]
  line 16082  DECIDED  n>=1  1 branch(es)  [7/15, 4/3, 99/14, 25/11, 45/2]
  line 16083  DECIDED  n>=1  1 branch(es)  [7/15, 4/3, 99/14, 25/11, 63/2]
  line 16084  DECIDED  n>=1  1 branch(es)  [7/15, 4/3, 99/14, 25/11, 99/2]
  line 16087  DECIDED  n>=2  1 branch(es)  [7/15, 4/3, 99/28, 5/11, 231/2]
  line 16149  DECIDED  n>=0  1 branch(es)  [7/15, 44/3, 99/14, 5/11, 231/2]
  line 16150  DECIDED  n>=1  1 branch(es)  [7/15, 44/3, 99/14, 5/11, 33/2]
  line 16169  DECIDED  n>=1  1 branch(es)  [7/15, 5324/3, 3/77, 25/121, 3/2]
  line 16174  DECIDED  n>=3  1 branch(es)  [7/15, 54/77, 11/3, 5/121, 21/2]
  line 16175  DECIDED  n>=3  1 branch(es)  [7/15, 54/77, 11/3, 5/121, 45/2]
  line 16193  DECIDED  n>=1  1 branch(es)  [7/15, 6/77, 121/3, 25/121, 21/2]
  line 16194  DECIDED  n>=1  1 branch(es)  [7/15, 6/77, 121/3, 25/121, 45/2]
  line 16198  DECIDED  n>=1  1 branch(es)  [7/15, 6/77, 121/3, 5/121, 1029/2]
  line 16199  DECIDED  n>=1  1 branch(es)  [7/15, 6/77, 121/3, 50/121, 21/2]
  line 16201  DECIDED  n>=1  2 branch(es)  [7/15, 6/77, 1331/3, 5/121, 21/2]
  line 16202  DECIDED  n>=1  2 branch(es)  [7/15, 6/77, 1331/3, 5/121, 45/2]
  line 16203  DECIDED  n>=2  2 branch(es)  [7/15, 6/77, 1331/3, 50/121, 3/2]
  line 16212  DECIDED  n>=1  1 branch(es)  [7/15, 6/77, 242/3, 25/121, 21/2]
  line 16213  DECIDED  n>=2  2 branch(es)  [7/15, 6/77, 2662/3, 25/121, 3/2]
  line 16214  DECIDED  n>=1  2 branch(es)  [7/15, 6/77, 2662/3, 5/121, 21/2]
  line 16240  DECIDED  n>=1  1 branch(es)  [7/15, 8/3, 1089/14, 5/11, 21/2]
  line 16241  DECIDED  n>=2  1 branch(es)  [7/15, 8/3, 1089/14, 5/11, 33/2]
  line 16243  DECIDED  n>=1  1 branch(es)  [7/15, 8/3, 99/14, 25/11, 21/2]
  line 16244  DECIDED  n>=1  1 branch(es)  [7/15, 8/3, 99/14, 25/11, 33/2]
  line 16260  DECIDED  n>=2  1 branch(es)  [7/15, 88/3, 99/28, 5/11, 3/2]
  line 16268  DECIDED  n>=1  2 branch(es)  [7/15, 9/14, 125/77, 2/5, 847/2]
  line 16284  DECIDED  n>=2  1 branch(es)  [7/15, 9/14, 275/7, 4/55, 7/2]
  line 16306  DECIDED  n>=1  1 branch(es)  [7/15, 9/154, 100/7, 11/5, 49/2]
  line 16308  DECIDED  n>=1  1 branch(es)  [7/15, 9/154, 275/7, 4/5, 15/2]
  line 16311  DECIDED  n>=1  1 branch(es)  [7/15, 9/154, 275/7, 4/5, 49/2]
  line 16312  DECIDED  n>=1  1 branch(es)  [7/15, 9/154, 275/7, 4/5, 7/2]
  line 16313  DECIDED  n>=1  1 branch(es)  [7/15, 9/154, 275/7, 8/5, 7/2]
  line 16382  DECIDED  n>=3  1 branch(es)  [7/15, 9/77, 242/3, 25/1331, 3/2]
  line 16401  DECIDED  n>=2  2 branch(es)  [7/15, 9/77, 250/7, 11/25, 7/2]
  line 16429  DECIDED  n>=2  2 branch(es)  [7/15, 9/77, 500/7, 11/25, 7/2]
  line 16444  DECIDED  n>=2  1 branch(es)  [7/15, 99/14, 2/3, 25/121, 231/2]
  line 16446  DECIDED  n>=1  1 branch(es)  [7/15, 99/14, 2/3, 5/11, 1089/2]
  line 16448  DECIDED  n>=1  1 branch(es)  [7/15, 99/14, 2/3, 5/11, 11319/2]
  line 16449  DECIDED  n>=2  2 branch(es)  [7/15, 99/14, 2/3, 5/11, 1617/2]
  line 16450  DECIDED  n>=1  1 branch(es)  [7/15, 99/14, 2/3, 5/11, 17787/2]
  line 16451  DECIDED  n>=2  1 branch(es)  [7/15, 99/14, 2/3, 5/11, 231/2, 1/5]
  line 16452  DECIDED  n>=2  1 branch(es)  [7/15, 99/14, 2/3, 5/11, 231/2, 1/7]
  line 16453  DECIDED  n>=2  1 branch(es)  [7/15, 99/14, 2/3, 5/11, 231/2]
  line 16455  DECIDED  n>=1  1 branch(es)  [7/15, 99/14, 2/3, 5/11, 495/2]
  line 16462  DECIDED  n>=2  1 branch(es)  [7/15, 99/14, 22/3, 5/121, 21/2]
  line 16463  DECIDED  n>=1  1 branch(es)  [7/15, 99/14, 22/3, 5/121, 45/2]
  line 16464  DECIDED  n>=2  1 branch(es)  [7/15, 99/14, 25/7, 4/55, 77/2]
  line 16468  DECIDED  n>=2  1 branch(es)  [7/15, 99/14, 4/3, 25/11, 147/2]
  line 16469  DECIDED  n>=2  1 branch(es)  [7/15, 99/14, 4/3, 25/11, 21/2]
  line 16470  DECIDED  n>=1  1 branch(es)  [7/15, 99/14, 4/3, 25/11, 231/2]
  line 16471  DECIDED  n>=3  2 branch(es)  [7/15, 99/14, 4/3, 25/11, 33/2]
  line 16472  DECIDED  n>=2  1 branch(es)  [7/15, 99/14, 4/3, 25/11, 45/2]
  line 16473  DECIDED  n>=2  1 branch(es)  [7/15, 99/14, 4/3, 25/11, 63/2]
  line 16474  DECIDED  n>=1  1 branch(es)  [7/15, 99/14, 4/3, 25/11, 99/2]
  line 16477  DECIDED  n>=2  2 branch(es)  [7/15, 99/14, 44/3, 5/11, 231/2]
  line 16478  DECIDED  n>=3  2 branch(es)  [7/15, 99/14, 44/3, 5/11, 33/2]
  line 16482  DECIDED  n>=2  1 branch(es)  [7/15, 99/14, 8/3, 25/11, 21/2]
  line 16483  DECIDED  n>=1  1 branch(es)  [7/15, 99/14, 8/3, 25/11, 33/2]
  line 16502  DECIDED  n>=3  1 branch(es)  [7/15, 99/70, 22/3, 5/11, 21/2]
  line 16503  DECIDED  n>=2  1 branch(es)  [7/15, 99/70, 22/3, 5/11, 45/2]
  line 16504  DECIDED  n>=2  1 branch(es)  [7/15, 99/70, 22/3, 5/11, 99/2]
  line 16531  DECIDED  n>=3  2 branch(es)  [7/30, 108/77, 121/2, 5/3, 7/11]
  line 16540  DECIDED  n>=2  1 branch(es)  [7/30, 11/2, 12/77, 125/11, 14/5]
  line 16541  DECIDED  n>=2  1 branch(es)  [7/30, 11/2, 12/77, 125/11, 77/5]
  line 16542  DECIDED  n>=2  1 branch(es)  [7/30, 11/2, 12/77, 25/11, 14/5]
  line 16546  DECIDED  n>=1  1 branch(es)  [7/30, 11/2, 36/77, 15/11, 14/3]
  line 16551  DECIDED  n>=1  1 branch(es)  [7/30, 11/3, 45/77, 4/11, 21/2]
  line 16554  DECIDED  n>=1  1 branch(es)  [7/30, 11/3, 45/77, 8/11, 21/2]
  line 16555  DECIDED  n>=1  1 branch(es)  [7/30, 11/3, 45/77, 8/11, 77/2]
  line 16556  DECIDED  n>=2  1 branch(es)  [7/30, 11/3, 54/77, 10/11, 9/2]
  line 16560  DECIDED  n>=0  1 branch(es)  [7/30, 11979/2, 2/77, 25/11, 2/5]
  line 16562  DECIDED  n>=0  1 branch(es)  [7/30, 11979/5, 5/77, 4/11, 5/2]
  line 16563  DECIDED  n>=2  1 branch(es)  [7/30, 12/77, 11/2, 125/11, 14/5]
  line 16564  DECIDED  n>=2  1 branch(es)  [7/30, 12/77, 11/2, 125/11, 77/5]
  line 16565  DECIDED  n>=2  1 branch(es)  [7/30, 12/77, 11/2, 25/11, 14/5]
  line 16569  DECIDED  n>=1  1 branch(es)  [7/30, 12/77, 121/3, 10/11, 21/2]
  line 16572  DECIDED  n>=2  1 branch(es)  [7/30, 12/77, 33/2, 25/11, 4/3]
  line 16573  DECIDED  n>=1  1 branch(es)  [7/30, 12/77, 33/2, 25/11, 77/3]
  line 16574  DECIDED  n>=1  1 branch(es)  [7/30, 12/77, 33/2, 5/11, 14/3]
  line 16575  DECIDED  n>=2  1 branch(es)  [7/30, 12/77, 33/2, 5/11, 20/3]
  line 16577  DECIDED  n>=1  1 branch(es)  [7/30, 12/77, 33/2, 5/11, 385/3]
  line 16580  DECIDED  n>=2  1 branch(es)  [7/30, 12/847, 121/2, 5/11, 14/5]
  line 16581  DECIDED  n>=1  1 branch(es)  [7/30, 121/2, 108/77, 5/3, 7/11]
  line 16582  DECIDED  n>=2  1 branch(es)  [7/30, 121/2, 12/847, 5/11, 14/5]
  line 16589  DECIDED  n>=1  1 branch(es)  [7/30, 121/2, 6/77, 25/11, 14/5]
  line 16592  DECIDED  n>=1  1 branch(es)  [7/30, 121/3, 12/77, 10/11, 21/2]
  line 16596  DECIDED  n>=1  1 branch(es)  [7/30, 121/3, 15/77, 4/11, 21/2]
  line 16598  DECIDED  n>=1  1 branch(es)  [7/30, 121/3, 24/77, 5/11, 21/2]
  line 16600  DECIDED  n>=1  1 branch(es)  [7/30, 121/3, 45/847, 2/11, 21/2]
    ... 16600/21233 scanned, 2214 decided, 32618s
  line 16611  DECIDED  n>=1  1 branch(es)  [7/30, 15/77, 121/3, 4/11, 21/2]
  line 16621  DECIDED  n>=1  1 branch(es)  [7/30, 18/77, 22/3, 25/11, 77/2]
  line 16626  DECIDED  n>=1  1 branch(es)  [7/30, 18/77, 363/2, 5/11, 14/3]
  line 16632  DECIDED  n>=2  1 branch(es)  [7/30, 2/77, 11979/2, 25/11, 2/5]
  line 16633  DECIDED  n>=1  1 branch(es)  [7/30, 2/77, 3267/2, 5/11, 14/3]
  line 16634  DECIDED  n>=1  1 branch(es)  [7/30, 2/77, 363/2, 25/11, 14/5]
  line 16635  DECIDED  n>=1  1 branch(es)  [7/30, 2/77, 363/2, 25/11, 539/5]
  line 16643  DECIDED  n>=1  1 branch(es)  [7/30, 22/3, 18/77, 25/11, 77/2]
  line 16653  DECIDED  n>=1  1 branch(es)  [7/30, 22/3, 27/77, 5/11, 231/2]
  line 16657  DECIDED  n>=2  1 branch(es)  [7/30, 22/3, 27/77, 5/11, 9/2]
  line 16659  DECIDED  n>=1  1 branch(es)  [7/30, 22/3, 54/77, 5/11, 9/2]
  line 16665  DECIDED  n>=3  2 branch(es)  [7/30, 225/77, 12/7, 11/3, 7/2]
  line 16667  DECIDED  n>=1  1 branch(es)  [7/30, 24/77, 121/3, 5/11, 21/2]
  line 16668  DECIDED  n>=2  1 branch(es)  [7/30, 24/77, 33/2, 5/11, 4/3]
  line 16674  DECIDED  n>=0  1 branch(es)  [7/30, 2662/3, 3/77, 10/11, 9/2]
  line 16679  DECIDED  n>=3  2 branch(es)  [7/30, 27/2, 44/63, 5/11, 7/3]
  line 16688  DECIDED  n>=1  1 branch(es)  [7/30, 27/77, 22/3, 5/11, 231/2]
  line 16702  DECIDED  n>=1  1 branch(es)  [7/30, 3/77, 2662/3, 10/11, 9/2]
  line 16704  DECIDED  n>=2  1 branch(es)  [7/30, 3/77, 33275/3, 4/11, 3/2]
  line 16708  DECIDED  n>=1  1 branch(es)  [7/30, 3/77, 50/7, 242/5, 49/2]
  line 16713  DECIDED  n>=0  1 branch(es)  [7/30, 3/77, 605/3, 4/11, 21/2]
  line 16714  DECIDED  n>=0  1 branch(es)  [7/30, 3/77, 605/3, 4/11, 539/2]
  line 16716  DECIDED  n>=1  1 branch(es)  [7/30, 3267/2, 2/77, 5/11, 14/3]
  line 16717  DECIDED  n>=2  1 branch(es)  [7/30, 33/2, 12/77, 25/11, 4/3]
  line 16718  DECIDED  n>=1  1 branch(es)  [7/30, 33/2, 12/77, 25/11, 77/3]
  line 16719  DECIDED  n>=1  1 branch(es)  [7/30, 33/2, 12/77, 5/11, 14/3]
  line 16720  DECIDED  n>=2  1 branch(es)  [7/30, 33/2, 12/77, 5/11, 20/3]
  line 16722  DECIDED  n>=1  1 branch(es)  [7/30, 33/2, 12/77, 5/11, 385/3]
  line 16728  DECIDED  n>=2  1 branch(es)  [7/30, 33/2, 24/77, 5/11, 4/3]
  line 16736  DECIDED  n>=2  1 branch(es)  [7/30, 33/2, 4/77, 125/11, 4/5]
  line 16737  DECIDED  n>=2  1 branch(es)  [7/30, 33/2, 4/77, 125/11, 77/5]
  line 16738  DECIDED  n>=2  1 branch(es)  [7/30, 33/2, 4/77, 25/11, 14/15]
  line 16739  DECIDED  n>=2  1 branch(es)  [7/30, 33/2, 4/77, 25/33, 14/5]
  line 16743  DECIDED  n>=1  1 branch(es)  [7/30, 33/2, 4/77, 625/11, 2/5]
  line 16758  DECIDED  n>=1  1 branch(es)  [7/30, 36/77, 11/2, 15/11, 14/3]
  line 16764  DECIDED  n>=1  1 branch(es)  [7/30, 363/2, 18/77, 5/11, 14/3]
  line 16766  DECIDED  n>=1  1 branch(es)  [7/30, 363/2, 2/77, 25/11, 14/5]
  line 16767  DECIDED  n>=1  1 branch(es)  [7/30, 363/2, 2/77, 25/11, 539/5]
  line 16773  DECIDED  n>=2  1 branch(es)  [7/30, 363/2, 4/77, 15/11, 22/3]
  line 16774  DECIDED  n>=1  1 branch(es)  [7/30, 363/2, 4/847, 25/11, 2/5]
  line 16776  DECIDED  n>=1  1 branch(es)  [7/30, 363/2, 6/77, 15/11, 14/3]
  line 16778  DECIDED  n>=1  1 branch(es)  [7/30, 363/2, 8/21, 5/3, 6/11]
  line 16796  DECIDED  n>=2  1 branch(es)  [7/30, 4/3, 99/14, 5/11, 231/2]
  line 16801  DECIDED  n>=2  1 branch(es)  [7/30, 4/77, 33/2, 125/11, 4/5]
  line 16802  DECIDED  n>=2  1 branch(es)  [7/30, 4/77, 33/2, 125/11, 77/5]
  line 16803  DECIDED  n>=2  1 branch(es)  [7/30, 4/77, 33/2, 25/11, 14/15]
  line 16804  DECIDED  n>=2  1 branch(es)  [7/30, 4/77, 33/2, 25/33, 14/5]
  line 16808  DECIDED  n>=1  1 branch(es)  [7/30, 4/77, 33/2, 625/11, 2/5]
  line 16809  DECIDED  n>=2  1 branch(es)  [7/30, 4/77, 363/2, 15/11, 22/3]
  line 16811  DECIDED  n>=1  1 branch(es)  [7/30, 4/77, 99/2, 25/11, 4/3]
  line 16812  DECIDED  n>=1  1 branch(es)  [7/30, 4/77, 99/2, 25/11, 77/3]
  line 16814  DECIDED  n>=2  1 branch(es)  [7/30, 4/77, 99/2, 5/11, 20/3]
  line 16815  DECIDED  n>=2  1 branch(es)  [7/30, 4/77, 99/2, 5/11, 385/3]
  line 16816  DECIDED  n>=1  1 branch(es)  [7/30, 4/77, 99/2, 5/33, 14/3]
  line 16817  DECIDED  n>=1  1 branch(es)  [7/30, 4/77, 99/2, 75/11, 2/3]
  line 16818  DECIDED  n>=1  1 branch(es)  [7/30, 4/847, 363/2, 25/11, 2/5]
  line 16832  DECIDED  n>=3  1 branch(es)  [7/30, 44/21, 9/2, 5/11, 154/3]
  line 16833  DECIDED  n>=3  2 branch(es)  [7/30, 44/21, 9/2, 5/11, 343/3]
  line 16834  DECIDED  n>=3  1 branch(es)  [7/30, 44/21, 9/2, 5/11, 49/3]
  line 16835  DECIDED  n>=3  2 branch(es)  [7/30, 44/21, 9/2, 5/11, 539/3]
  line 16836  DECIDED  n>=3  2 branch(es)  [7/30, 44/21, 9/2, 5/11, 7/3, 1/5]
  line 16837  DECIDED  n>=3  2 branch(es)  [7/30, 44/21, 9/2, 5/11, 7/3, 1/7]
  line 16838  DECIDED  n>=3  2 branch(es)  [7/30, 44/21, 9/2, 5/11, 7/3]
  line 16841  DECIDED  n>=1  1 branch(es)  [7/30, 44/3, 9/77, 25/11, 77/2]
  line 16842  DECIDED  n>=1  1 branch(es)  [7/30, 44/3, 9/77, 25/11, 9/2]
  line 16844  DECIDED  n>=1  1 branch(es)  [7/30, 44/3, 9/77, 5/11, 385/2]
  line 16845  DECIDED  n>=1  1 branch(es)  [7/30, 44/3, 9/77, 5/11, 45/2]
  line 16848  DECIDED  n>=1  1 branch(es)  [7/30, 44/3, 9/77, 50/11, 3/2]
  line 16849  DECIDED  n>=3  2 branch(es)  [7/30, 44/63, 27/2, 5/11, 7/3]
  line 16854  DECIDED  n>=1  1 branch(es)  [7/30, 45/77, 11/3, 4/11, 21/2]
  line 16857  DECIDED  n>=1  1 branch(es)  [7/30, 45/77, 11/3, 8/11, 21/2]
  line 16858  DECIDED  n>=1  1 branch(es)  [7/30, 45/77, 11/3, 8/11, 77/2]
  line 16861  DECIDED  n>=1  1 branch(es)  [7/30, 45/847, 121/3, 2/11, 21/2]
  line 16862  DECIDED  n>=3  2 branch(es)  [7/30, 484/21, 9/2, 5/121, 7/3]
  line 16864  DECIDED  n>=1  1 branch(es)  [7/30, 484/3, 6/77, 5/11, 21/2]
  line 16865  DECIDED  n>=2  1 branch(es)  [7/30, 484/3, 9/77, 5/11, 33/2]
  line 16877  DECIDED  n>=2  1 branch(es)  [7/30, 54/77, 11/3, 10/11, 9/2]
  line 16878  DECIDED  n>=1  1 branch(es)  [7/30, 54/77, 22/3, 5/11, 9/2]
  line 16884  DECIDED  n>=1  1 branch(es)  [7/30, 55/3, 9/77, 16/11, 3/2]
  line 16885  DECIDED  n>=1  1 branch(es)  [7/30, 55/3, 9/77, 4/55, 21/2]
  line 16887  DECIDED  n>=1  1 branch(es)  [7/30, 55/3, 9/77, 8/11, 77/2]
  line 16888  DECIDED  n>=1  1 branch(es)  [7/30, 55/3, 9/77, 8/11, 9/2]
  line 16892  DECIDED  n>=1  1 branch(es)  [7/30, 6/77, 121/2, 25/11, 14/5]
  line 16895  DECIDED  n>=1  1 branch(es)  [7/30, 6/77, 363/2, 15/11, 14/3]
  line 16897  DECIDED  n>=1  1 branch(es)  [7/30, 6/77, 484/3, 5/11, 21/2]
  line 16902  DECIDED  n>=0  1 branch(es)  [7/30, 605/3, 3/77, 4/11, 21/2]
  line 16903  DECIDED  n>=0  1 branch(es)  [7/30, 605/3, 3/77, 4/11, 539/2]
  line 16905  DECIDED  n>=1  1 branch(es)  [7/30, 605/3, 9/847, 4/11, 3/2]
  line 16907  DECIDED  n>=1  1 branch(es)  [7/30, 8/21, 363/2, 5/3, 6/11]
  line 16911  DECIDED  n>=2  2 branch(es)  [7/30, 8/21, 99/2, 5/11, 77/3]
  line 16924  DECIDED  n>=2  2 branch(es)  [7/30, 88/21, 9/2, 25/11, 7/3]
  line 16932  DECIDED  n>=2  1 branch(es)  [7/30, 9/2, 44/21, 5/11, 154/3]
  line 16933  DECIDED  n>=1  2 branch(es)  [7/30, 9/2, 44/21, 5/11, 343/3]
  line 16934  DECIDED  n>=1  1 branch(es)  [7/30, 9/2, 44/21, 5/11, 49/3]
  line 16935  DECIDED  n>=1  2 branch(es)  [7/30, 9/2, 44/21, 5/11, 539/3]
  line 16936  DECIDED  n>=3  2 branch(es)  [7/30, 9/2, 44/21, 5/11, 7/3, 1/5]
  line 16937  DECIDED  n>=3  2 branch(es)  [7/30, 9/2, 44/21, 5/11, 7/3, 1/7]
  line 16938  DECIDED  n>=3  2 branch(es)  [7/30, 9/2, 44/21, 5/11, 7/3]
  line 16939  DECIDED  n>=3  2 branch(es)  [7/30, 9/2, 484/21, 5/121, 7/3]
  line 16941  DECIDED  n>=1  2 branch(es)  [7/30, 9/2, 88/21, 25/11, 7/3]
  line 16943  DECIDED  n>=1  2 branch(es)  [7/30, 9/2, 968/21, 5/11, 7/3]
  line 16949  DECIDED  n>=1  1 branch(es)  [7/30, 9/77, 44/3, 25/11, 77/2]
  line 16950  DECIDED  n>=1  1 branch(es)  [7/30, 9/77, 44/3, 25/11, 9/2]
  line 16952  DECIDED  n>=1  1 branch(es)  [7/30, 9/77, 44/3, 5/11, 385/2]
  line 16953  DECIDED  n>=1  1 branch(es)  [7/30, 9/77, 44/3, 5/11, 45/2]
  line 16956  DECIDED  n>=1  1 branch(es)  [7/30, 9/77, 44/3, 50/11, 3/2]
  line 16958  DECIDED  n>=1  1 branch(es)  [7/30, 9/77, 55/3, 16/11, 3/2]
  line 16959  DECIDED  n>=1  1 branch(es)  [7/30, 9/77, 55/3, 4/55, 21/2]
  line 16961  DECIDED  n>=1  1 branch(es)  [7/30, 9/77, 55/3, 8/11, 77/2]
  line 16962  DECIDED  n>=1  1 branch(es)  [7/30, 9/77, 55/3, 8/11, 9/2]
  line 16963  DECIDED  n>=1  1 branch(es)  [7/30, 9/847, 605/3, 4/11, 3/2]
  line 16964  DECIDED  n>=2  2 branch(es)  [7/30, 968/21, 9/2, 5/11, 7/3]
  line 16965  DECIDED  n>=2  1 branch(es)  [7/30, 99/14, 4/3, 5/11, 231/2]
  line 16970  DECIDED  n>=1  1 branch(es)  [7/30, 99/2, 4/77, 25/11, 4/3]
  line 16971  DECIDED  n>=1  1 branch(es)  [7/30, 99/2, 4/77, 25/11, 77/3]
  line 16973  DECIDED  n>=2  1 branch(es)  [7/30, 99/2, 4/77, 5/11, 20/3]
  line 16974  DECIDED  n>=2  1 branch(es)  [7/30, 99/2, 4/77, 5/11, 385/3]
  line 16975  DECIDED  n>=1  1 branch(es)  [7/30, 99/2, 4/77, 5/33, 14/3]
  line 16976  DECIDED  n>=1  1 branch(es)  [7/30, 99/2, 4/77, 75/11, 2/3]
  line 16982  DECIDED  n>=2  2 branch(es)  [7/30, 99/2, 8/21, 5/11, 77/3]
  line 16984  DECIDED  n>=3  2 branch(es)  [7/30, 99/35, 220/7, 5/11, 7/2]
  line 16992  DECIDED  n>=0  2 branch(es)  [7/45, 1/77, 108/7, 11/3, 175/2]
  line 17015  DECIDED  n>=1  1 branch(es)  [7/45, 121/3, 15/77, 2/11, 63/2]
  line 17016  DECIDED  n>=0  1 branch(es)  [7/45, 121/3, 15/77, 20/11, 9/2]
  line 17017  DECIDED  n>=1  1 branch(es)  [7/45, 121/3, 15/77, 4/11, 63/2]
  line 17027  DECIDED  n>=1  1 branch(es)  [7/45, 1331/3, 15/77, 2/11, 63/2]
  line 17032  DECIDED  n>=2  1 branch(es)  [7/45, 2/5, 275/14, 9/11, 385/2]
  line 17056  DECIDED  n>=2  1 branch(es)  [7/45, 22/5, 275/14, 3/11, 35/2]
  line 17070  DECIDED  n>=0  1 branch(es)  [7/45, 242/5, 25/847, 3/11, 35/2]
  line 17091  DECIDED  n>=0  1 branch(es)  [7/45, 25/847, 242/5, 3/11, 35/2]
  line 17101  DECIDED  n>=2  1 branch(es)  [7/45, 275/14, 2/5, 9/11, 385/2]
  line 17103  DECIDED  n>=2  1 branch(es)  [7/45, 275/14, 22/5, 3/11, 35/2]
  line 17123  DECIDED  n>=2  1 branch(es)  [7/45, 4/3, 15/14, 11/2, 63/11]
  line 17124  DECIDED  n>=2  1 branch(es)  [7/45, 4/3, 15/14, 121/2, 63/11]
  line 17125  DECIDED  n>=1  1 branch(es)  [7/45, 4/3, 15/14, 605/2, 9/11]
  line 17169  DECIDED  n>=2  1 branch(es)  [7/45, 8/3, 15/14, 11/2, 63/11]
  line 17176  DECIDED  n>=2  1 branch(es)  [7/60, 121/3, 45/77, 2/11, 21/2]
  line 17177  DECIDED  n>=1  1 branch(es)  [7/60, 22/3, 9/77, 10/11, 21/2]
  line 17182  DECIDED  n>=2  1 branch(es)  [7/60, 4/77, 33/2, 5/11, 28/3]
  line 17183  DECIDED  n>=2  1 branch(es)  [7/60, 4/77, 33/2, 5/11, 539/3]
  line 17187  DECIDED  n>=2  1 branch(es)  [7/60, 45/77, 121/3, 2/11, 21/2]
  line 17190  DECIDED  n>=1  1 branch(es)  [7/60, 9/77, 22/3, 10/11, 21/2]
  line 17195  DECIDED  n>=2  1 branch(es)  [7/90, 121/2, 20/77, 3/11, 14/3]
  line 17204  DECIDED  n>=2  1 branch(es)  [7/90, 20/77, 121/2, 3/11, 14/3]
  line 17205  DECIDED  n>=0  1 branch(es)  [7/90, 22/3, 9/77, 5/11, 147/2]
  line 17210  DECIDED  n>=3  2 branch(es)  [7/90, 25/2, 44/35, 9/11, 7/5]
  line 17211  DECIDED  n>=3  2 branch(es)  [7/90, 25/2, 484/35, 3/11, 7/5]
  line 17213  DECIDED  n>=3  2 branch(es)  [7/90, 27/2, 44/21, 5/11, 7/3]
  line 17217  DECIDED  n>=2  1 branch(es)  [7/90, 33/2, 4/77, 15/11, 14/3]
  line 17224  DECIDED  n>=2  1 branch(es)  [7/90, 4/77, 33/2, 15/11, 14/3]
  line 17225  DECIDED  n>=1  1 branch(es)  [7/90, 4/77, 99/2, 5/11, 14/3]
  line 17226  DECIDED  n>=3  2 branch(es)  [7/90, 44/21, 27/2, 5/11, 7/3]
  line 17227  DECIDED  n>=3  2 branch(es)  [7/90, 44/35, 25/2, 9/11, 7/5]
  line 17229  DECIDED  n>=3  2 branch(es)  [7/90, 484/35, 25/2, 3/11, 7/5]
  line 17235  DECIDED  n>=0  1 branch(es)  [7/90, 9/77, 22/3, 5/11, 147/2]
  line 17238  DECIDED  n>=1  1 branch(es)  [7/90, 99/2, 4/77, 5/11, 14/3]
  line 17270  DECIDED  n>=2  1 branch(es)  [72/35, 1/66, 5/2, 121/5, 14/11]
  line 17284  DECIDED  n>=1  1 branch(es)  [72/35, 5/22, 7/2, 11/3, 30/7]
  line 17299  DECIDED  n>=1  1 branch(es)  [72/35, 5/44, 49/2, 11/3, 5/7]
  line 17317  DECIDED  n>=0  1 branch(es)  [77/15, 1/154, 9/7, 4/3, 175/2]
  line 17319  DECIDED  n>=1  1 branch(es)  [77/15, 1/154, 9/7, 8/3, 175/2]
  line 17362  DECIDED  n>=2  1 branch(es)  [77/15, 112/3, 9/22, 5/7, 3/2]
  line 17395  DECIDED  n>=1  1 branch(es)  [77/15, 14/3, 27/154, 5/7, 33/2]
  line 17396  DECIDED  n>=2  2 branch(es)  [77/15, 14/3, 27/154, 5/7, 9/2]
  line 17407  DECIDED  n>=3  1 branch(es)  [77/15, 14/3, 9/110, 5/7, 231/2]
  line 17408  DECIDED  n>=3  1 branch(es)  [77/15, 14/3, 9/110, 5/7, 27/2]
  line 17410  DECIDED  n>=3  1 branch(es)  [77/15, 14/3, 9/110, 5/7, 363/2]
  line 17411  DECIDED  n>=2  1 branch(es)  [77/15, 14/3, 9/110, 5/7, 45/2]
  line 17412  DECIDED  n>=2  1 branch(es)  [77/15, 14/3, 9/110, 5/7, 63/2]
  line 17414  DECIDED  n>=2  1 branch(es)  [77/15, 14/3, 9/110, 5/7, 99/2]
  line 17415  DECIDED  n>=2  2 branch(es)  [77/15, 14/3, 9/154, 5/7, 27/2]
  line 17416  DECIDED  n>=2  1 branch(es)  [77/15, 14/3, 9/154, 5/7, 33/2]
  line 17417  DECIDED  n>=1  2 branch(es)  [77/15, 14/3, 9/154, 5/7, 363/2]
  line 17418  DECIDED  n>=1  1 branch(es)  [77/15, 14/3, 9/154, 5/7, 9/2]
  line 17419  DECIDED  n>=1  2 branch(es)  [77/15, 14/3, 9/154, 5/7, 99/2]
  line 17420  DECIDED  n>=2  1 branch(es)  [77/15, 14/3, 9/22, 5/49, 231/2]
  line 17423  DECIDED  n>=1  1 branch(es)  [77/15, 14/3, 9/22, 5/49, 45/2]
  line 17465  DECIDED  n>=1  1 branch(es)  [77/15, 196/3, 9/154, 5/7, 3/2]
  line 17481  DECIDED  n>=2  2 branch(es)  [77/15, 2/3, 27/14, 25/11, 99/2]
  line 17497  DECIDED  n>=2  2 branch(es)  [77/15, 2/3, 297/14, 5/11, 21/2]
  line 17506  DECIDED  n>=3  1 branch(es)  [77/15, 2/3, 891/14, 5/11, 21/2]
  line 17518  DECIDED  n>=1  1 branch(es)  [77/15, 2/3, 9/14, 5/11, 1089/2]
  line 17521  DECIDED  n>=2  1 branch(es)  [77/15, 2/3, 9/14, 5/11, 1485/2]
  line 17523  DECIDED  n>=2  1 branch(es)  [77/15, 2/3, 9/14, 5/11, 17787/2]
  line 17525  DECIDED  n>=2  2 branch(es)  [77/15, 2/3, 9/14, 5/11, 2205/2]
  line 17529  DECIDED  n>=2  1 branch(es)  [77/15, 2/3, 9/14, 5/11, 2541/2]
  line 17531  DECIDED  n>=2  2 branch(es)  [77/15, 2/3, 9/14, 5/11, 315/2]
  line 17532  DECIDED  n>=3  1 branch(es)  [77/15, 2/3, 9/14, 5/11, 3267/2]
  line 17533  DECIDED  n>=1  1 branch(es)  [77/15, 2/3, 9/14, 5/11, 3465/2]
  line 17535  DECIDED  n>=2  2 branch(es)  [77/15, 2/3, 9/14, 5/11, 45/2, 1/5]
  line 17536  DECIDED  n>=2  2 branch(es)  [77/15, 2/3, 9/14, 5/11, 45/2, 1/7]
  line 17537  DECIDED  n>=2  2 branch(es)  [77/15, 2/3, 9/14, 5/11, 45/2]
  line 17538  DECIDED  n>=3  2 branch(es)  [77/15, 2/3, 9/14, 5/11, 4851/2]
  line 17539  DECIDED  n>=1  1 branch(es)  [77/15, 2/3, 9/14, 5/11, 495/2]
  line 17540  DECIDED  n>=2  1 branch(es)  [77/15, 2/3, 9/14, 5/11, 675/2]
  line 17541  DECIDED  n>=3  2 branch(es)  [77/15, 2/3, 9/14, 5/11, 693/2]
  line 17542  DECIDED  n>=1  1 branch(es)  [77/15, 2/3, 9/14, 5/11, 7623/2]
  line 17545  DECIDED  n>=3  2 branch(es)  [77/15, 2/3, 9/14, 5/11, 99/2, 1/5]
  line 17546  DECIDED  n>=3  2 branch(es)  [77/15, 2/3, 9/14, 5/11, 99/2, 1/7]
  line 17547  DECIDED  n>=3  2 branch(es)  [77/15, 2/3, 9/14, 5/11, 99/2]
  line 17550  DECIDED  n>=2  2 branch(es)  [77/15, 2/3, 99/14, 5/121, 45/2]
  line 17638  DECIDED  n>=2  2 branch(es)  [77/15, 27/14, 2/3, 25/11, 99/2]
  line 17672  DECIDED  n>=1  1 branch(es)  [77/15, 27/154, 14/3, 5/7, 33/2]
  line 17673  DECIDED  n>=2  2 branch(es)  [77/15, 27/154, 14/3, 5/7, 9/2]
  line 17674  DECIDED  n>=2  2 branch(es)  [77/15, 27/154, 28/3, 5/7, 3/2]
  line 17700  DECIDED  n>=2  2 branch(es)  [77/15, 28/3, 27/154, 5/7, 3/2]
    ... 17700/21233 scanned, 2420 decided, 33655s
  line 17713  DECIDED  n>=1  1 branch(es)  [77/15, 28/3, 9/154, 25/7, 3/2]
  line 17721  DECIDED  n>=1  1 branch(es)  [77/15, 28/3, 9/22, 5/7, 21/2]
  line 17722  DECIDED  n>=1  1 branch(es)  [77/15, 28/3, 9/22, 5/7, 231/2]
  line 17723  DECIDED  n>=1  1 branch(es)  [77/15, 28/3, 9/22, 5/7, 27/2]
  line 17724  DECIDED  n>=2  1 branch(es)  [77/15, 28/3, 9/22, 5/7, 3/2, 1/11]
  line 17725  DECIDED  n>=2  1 branch(es)  [77/15, 28/3, 9/22, 5/7, 3/2, 1/5]
  line 17726  DECIDED  n>=2  1 branch(es)  [77/15, 28/3, 9/22, 5/7, 3/2]
  line 17727  DECIDED  n>=1  1 branch(es)  [77/15, 28/3, 9/22, 5/7, 33/2]
  line 17728  DECIDED  n>=0  1 branch(es)  [77/15, 28/3, 9/22, 5/7, 363/2]
  line 17729  DECIDED  n>=0  1 branch(es)  [77/15, 28/3, 9/22, 5/7, 45/2]
  line 17730  DECIDED  n>=1  1 branch(es)  [77/15, 28/3, 9/22, 5/7, 63/2]
  line 17731  DECIDED  n>=1  1 branch(es)  [77/15, 28/3, 9/22, 5/7, 9/2]
  line 17732  DECIDED  n>=0  1 branch(es)  [77/15, 28/3, 9/22, 5/7, 99/2]
  line 17736  DECIDED  n>=3  2 branch(es)  [77/15, 297/14, 2/3, 5/11, 21/2]
  line 17743  DECIDED  n>=3  2 branch(es)  [77/15, 297/14, 4/3, 5/11, 21/2]
  line 17744  DECIDED  n>=2  2 branch(es)  [77/15, 297/14, 4/3, 5/11, 33/2]
  line 17754  DECIDED  n>=1  1 branch(es)  [77/15, 3/154, 25/7, 4/5, 21/2]
  line 17797  DECIDED  n>=2  2 branch(es)  [77/15, 4/3, 297/14, 5/11, 21/2]
  line 17798  DECIDED  n>=2  2 branch(es)  [77/15, 4/3, 297/14, 5/11, 33/2]
  line 17804  DECIDED  n>=1  1 branch(es)  [77/15, 4/3, 9/14, 25/11, 231/2]
  line 17805  DECIDED  n>=1  1 branch(es)  [77/15, 4/3, 9/14, 25/11, 33/2]
  line 17806  DECIDED  n>=1  1 branch(es)  [77/15, 4/3, 9/14, 25/11, 45/2]
  line 17807  DECIDED  n>=1  1 branch(es)  [77/15, 4/3, 9/14, 25/11, 99/2]
  line 17827  DECIDED  n>=2  2 branch(es)  [77/15, 4/3, 9/28, 5/11, 45/2]
  line 17828  DECIDED  n>=3  2 branch(es)  [77/15, 4/3, 9/28, 5/11, 99/2]
  line 17829  DECIDED  n>=1  1 branch(es)  [77/15, 4/3, 99/14, 5/11, 147/2]
  line 17830  DECIDED  n>=2  1 branch(es)  [77/15, 4/3, 99/14, 5/11, 21/2]
  line 17831  DECIDED  n>=1  1 branch(es)  [77/15, 4/3, 99/14, 5/11, 231/2]
  line 17832  DECIDED  n>=2  1 branch(es)  [77/15, 4/3, 99/14, 5/11, 33/2]
  line 17833  DECIDED  n>=1  1 branch(es)  [77/15, 4/3, 99/14, 5/11, 363/2]
  line 17834  DECIDED  n>=1  1 branch(es)  [77/15, 4/3, 99/14, 5/11, 45/2]
  line 17835  DECIDED  n>=2  1 branch(es)  [77/15, 4/3, 99/14, 5/11, 63/2]
  line 17836  DECIDED  n>=2  1 branch(es)  [77/15, 4/3, 99/14, 5/11, 99/2]
  line 17866  DECIDED  n>=1  1 branch(es)  [77/15, 56/3, 9/22, 5/7, 21/2]
  line 17867  DECIDED  n>=2  1 branch(es)  [77/15, 56/3, 9/22, 5/7, 3/2]
  line 17868  DECIDED  n>=1  1 branch(es)  [77/15, 56/3, 9/22, 5/7, 33/2]
  line 17869  DECIDED  n>=1  1 branch(es)  [77/15, 56/3, 9/22, 5/7, 9/2]
  line 17870  DECIDED  n>=2  1 branch(es)  [77/15, 56/3, 9/44, 5/7, 3/2]
  line 17880  DECIDED  n>=1  1 branch(es)  [77/15, 8/3, 9/14, 25/11, 33/2]
  line 17887  DECIDED  n>=2  1 branch(es)  [77/15, 8/3, 99/14, 5/11, 21/2]
  line 17888  DECIDED  n>=2  1 branch(es)  [77/15, 8/3, 99/14, 5/11, 33/2]
  line 17898  DECIDED  n>=3  1 branch(es)  [77/15, 891/14, 2/3, 5/11, 21/2]
  line 17912  DECIDED  n>=2  1 branch(es)  [77/15, 9/14, 176/3, 5/11, 3/2]
  line 17917  DECIDED  n>=2  2 branch(es)  [77/15, 9/14, 2/3, 25/121, 45/2]
  line 17922  DECIDED  n>=1  1 branch(es)  [77/15, 9/14, 2/3, 5/11, 1089/2]
  line 17925  DECIDED  n>=2  1 branch(es)  [77/15, 9/14, 2/3, 5/11, 1485/2]
  line 17927  DECIDED  n>=2  1 branch(es)  [77/15, 9/14, 2/3, 5/11, 17787/2]
  line 17933  DECIDED  n>=2  1 branch(es)  [77/15, 9/14, 2/3, 5/11, 2541/2]
  line 17936  DECIDED  n>=3  1 branch(es)  [77/15, 9/14, 2/3, 5/11, 3267/2]
  line 17937  DECIDED  n>=1  1 branch(es)  [77/15, 9/14, 2/3, 5/11, 3465/2]
  line 17943  DECIDED  n>=1  1 branch(es)  [77/15, 9/14, 2/3, 5/11, 495/2]
  line 17944  DECIDED  n>=2  1 branch(es)  [77/15, 9/14, 2/3, 5/11, 675/2]
  line 17946  DECIDED  n>=2  1 branch(es)  [77/15, 9/14, 2/3, 5/11, 7623/2]
  line 17954  DECIDED  n>=2  1 branch(es)  [77/15, 9/14, 22/3, 5/121, 231/2]
  line 17955  DECIDED  n>=1  1 branch(es)  [77/15, 9/14, 22/3, 5/121, 45/2]
  line 17962  DECIDED  n>=2  1 branch(es)  [77/15, 9/14, 4/3, 25/11, 231/2]
  line 17963  DECIDED  n>=3  2 branch(es)  [77/15, 9/14, 4/3, 25/11, 33/2]
  line 17964  DECIDED  n>=2  1 branch(es)  [77/15, 9/14, 4/3, 25/11, 45/2]
  line 17965  DECIDED  n>=1  1 branch(es)  [77/15, 9/14, 4/3, 25/11, 99/2]
  line 17988  DECIDED  n>=2  1 branch(es)  [77/15, 9/14, 44/3, 5/11, 147/2]
  line 17989  DECIDED  n>=2  1 branch(es)  [77/15, 9/14, 44/3, 5/11, 21/2]
  line 17990  DECIDED  n>=1  1 branch(es)  [77/15, 9/14, 44/3, 5/11, 231/2]
  line 17991  DECIDED  n>=1  1 branch(es)  [77/15, 9/14, 44/3, 5/11, 27/2]
  line 17992  DECIDED  n>=2  1 branch(es)  [77/15, 9/14, 44/3, 5/11, 3/2, 1/5]
  line 17993  DECIDED  n>=2  1 branch(es)  [77/15, 9/14, 44/3, 5/11, 3/2, 1/7]
  line 17994  DECIDED  n>=2  1 branch(es)  [77/15, 9/14, 44/3, 5/11, 3/2]
  line 17995  DECIDED  n>=3  2 branch(es)  [77/15, 9/14, 44/3, 5/11, 33/2]
  line 17996  DECIDED  n>=0  1 branch(es)  [77/15, 9/14, 44/3, 5/11, 45/2]
  line 17997  DECIDED  n>=2  1 branch(es)  [77/15, 9/14, 44/3, 5/11, 63/2]
  line 17998  DECIDED  n>=1  1 branch(es)  [77/15, 9/14, 44/3, 5/11, 9/2]
  line 17999  DECIDED  n>=1  1 branch(es)  [77/15, 9/14, 44/3, 5/11, 99/2]
  line 18003  DECIDED  n>=1  1 branch(es)  [77/15, 9/14, 8/3, 25/11, 33/2]
  line 18010  DECIDED  n>=2  1 branch(es)  [77/15, 9/14, 88/3, 5/11, 21/2]
  line 18011  DECIDED  n>=2  1 branch(es)  [77/15, 9/14, 88/3, 5/11, 3/2]
  line 18012  DECIDED  n>=1  1 branch(es)  [77/15, 9/14, 88/3, 5/11, 33/2]
  line 18013  DECIDED  n>=1  1 branch(es)  [77/15, 9/14, 88/3, 5/11, 9/2]
  line 18015  DECIDED  n>=2  2 branch(es)  [77/15, 9/154, 14/3, 5/7, 27/2]
  line 18016  DECIDED  n>=2  1 branch(es)  [77/15, 9/154, 14/3, 5/7, 33/2]
  line 18017  DECIDED  n>=2  2 branch(es)  [77/15, 9/154, 14/3, 5/7, 363/2]
  line 18018  DECIDED  n>=1  1 branch(es)  [77/15, 9/154, 14/3, 5/7, 9/2]
  line 18020  DECIDED  n>=3  2 branch(es)  [77/15, 9/154, 196/3, 5/7, 3/2]
  line 18022  DECIDED  n>=3  2 branch(es)  [77/15, 9/154, 28/3, 25/7, 3/2]
  line 18047  DECIDED  n>=3  1 branch(es)  [77/15, 9/70, 22/3, 5/11, 147/2]
  line 18049  DECIDED  n>=3  1 branch(es)  [77/15, 9/70, 22/3, 5/11, 231/2]
  line 18050  DECIDED  n>=3  1 branch(es)  [77/15, 9/70, 22/3, 5/11, 27/2]
  line 18051  DECIDED  n>=2  1 branch(es)  [77/15, 9/70, 22/3, 5/11, 45/2]
  line 18052  DECIDED  n>=2  1 branch(es)  [77/15, 9/70, 22/3, 5/11, 63/2]
  line 18054  DECIDED  n>=2  1 branch(es)  [77/15, 9/70, 22/3, 5/11, 99/2]
  line 18133  DECIDED  n>=2  1 branch(es)  [77/15, 99/14, 4/3, 5/11, 147/2]
  line 18134  DECIDED  n>=3  1 branch(es)  [77/15, 99/14, 4/3, 5/11, 21/2]
  line 18135  DECIDED  n>=2  1 branch(es)  [77/15, 99/14, 4/3, 5/11, 231/2]
  line 18136  DECIDED  n>=2  1 branch(es)  [77/15, 99/14, 4/3, 5/11, 33/2]
  line 18137  DECIDED  n>=3  2 branch(es)  [77/15, 99/14, 4/3, 5/11, 363/2]
  line 18138  DECIDED  n>=2  1 branch(es)  [77/15, 99/14, 4/3, 5/11, 45/2]
  line 18139  DECIDED  n>=3  1 branch(es)  [77/15, 99/14, 4/3, 5/11, 63/2]
  line 18140  DECIDED  n>=2  1 branch(es)  [77/15, 99/14, 4/3, 5/11, 99/2]
  line 18145  DECIDED  n>=3  1 branch(es)  [77/15, 99/14, 8/3, 5/11, 21/2]
  line 18146  DECIDED  n>=2  1 branch(es)  [77/15, 99/14, 8/3, 5/11, 33/2]
  line 18191  DECIDED  n>=2  2 branch(es)  [77/30, 4/21, 9/2, 5/11, 245/3]
  line 18192  DECIDED  n>=3  2 branch(es)  [77/30, 4/21, 9/2, 5/11, 539/3]
  line 18193  DECIDED  n>=3  2 branch(es)  [77/30, 4/21, 9/2, 5/11, 77/3]
  line 18195  DECIDED  n>=3  2 branch(es)  [77/30, 4/21, 99/2, 5/121, 7/3]
  line 18196  DECIDED  n>=3  2 branch(es)  [77/30, 4/3, 9/14, 5/11, 105/2]
  line 18218  DECIDED  n>=3  2 branch(es)  [77/30, 63/2, 4/33, 5/49, 11/3]
  line 18226  DECIDED  n>=3  2 branch(es)  [77/30, 88/21, 9/2, 5/11, 7/3]
  line 18227  DECIDED  n>=3  2 branch(es)  [77/30, 9/14, 4/3, 5/11, 105/2]
  line 18233  DECIDED  n>=2  2 branch(es)  [77/30, 9/2, 4/21, 5/11, 245/3]
  line 18234  DECIDED  n>=3  2 branch(es)  [77/30, 9/2, 4/21, 5/11, 539/3]
  line 18235  DECIDED  n>=3  2 branch(es)  [77/30, 9/2, 4/21, 5/11, 77/3]
  line 18240  DECIDED  n>=2  2 branch(es)  [77/30, 9/2, 88/21, 5/11, 7/3]
  line 18241  DECIDED  n>=3  2 branch(es)  [77/30, 9/35, 20/7, 5/11, 77/2]
  line 18248  DECIDED  n>=2  1 branch(es)  [77/45, 14/5, 25/22, 3/7, 165/2]
  line 18250  DECIDED  n>=2  1 branch(es)  [77/45, 14/5, 25/22, 3/7, 385/2]
  line 18255  DECIDED  n>=3  2 branch(es)  [77/45, 2/5, 25/14, 9/11, 275/2]
  line 18262  DECIDED  n>=2  1 branch(es)  [77/45, 25/14, 12/5, 9/11, 5/2]
  line 18267  DECIDED  n>=2  1 branch(es)  [77/45, 25/14, 22/5, 3/11, 105/2]
  line 18271  DECIDED  n>=2  1 branch(es)  [77/45, 25/14, 22/5, 3/11, 385/2]
  line 18275  DECIDED  n>=2  1 branch(es)  [77/45, 25/14, 44/5, 9/11, 5/2]
  line 18289  DECIDED  n>=2  1 branch(es)  [77/45, 28/5, 25/22, 9/7, 5/2]
  line 18314  DECIDED  n>=3  2 branch(es)  [77/90, 4/35, 75/2, 3/11, 7/5]
  line 18320  DECIDED  n>=1  1 branch(es)  [8/105, 15/22, 147/2, 11/3, 2/7]
  line 18321  DECIDED  n>=1  1 branch(es)  [8/105, 15/22, 21/2, 11/3, 4/7]
  line 18325  DECIDED  n>=2  1 branch(es)  [8/105, 3/22, 175/2, 11/7, 21/5]
  line 18347  DECIDED  n>=2  1 branch(es)  [8/15, 1/1078, 147/2, 11/3, 10/7]
  line 18367  DECIDED  n>=1  1 branch(es)  [8/15, 1029/2, 11/147, 5/11, 3/7]
  line 18368  DECIDED  n>=1  1 branch(es)  [8/15, 1029/2, 11/3, 5/539, 3/7]
  line 18376  DECIDED  n>=2  1 branch(es)  [8/15, 147/22, 25/2, 11/7, 14/5]
  line 18377  DECIDED  n>=2  1 branch(es)  [8/15, 147/22, 25/2, 11/7, 21/5]
  line 18378  DECIDED  n>=1  1 branch(es)  [8/15, 147/22, 25/2, 11/7, 22/5]
  line 18379  DECIDED  n>=3  1 branch(es)  [8/15, 147/22, 25/2, 11/7, 33/5]
  line 18380  DECIDED  n>=2  1 branch(es)  [8/15, 147/22, 35/2, 11/49, 3/7]
  line 18387  DECIDED  n>=2  1 branch(es)  [8/15, 147/22, 5/2, 11/7, 28/5]
  line 18388  DECIDED  n>=3  1 branch(es)  [8/15, 147/22, 5/2, 11/7, 42/5]
  line 18389  DECIDED  n>=0  1 branch(es)  [8/15, 147/22, 5/2, 11/7, 44/5]
  line 18416  DECIDED  n>=1  1 branch(es)  [8/15, 3/14, 55/2, 7/11, 484/5]
  line 18420  DECIDED  n>=2  1 branch(es)  [8/15, 3/14, 55/2, 7/5, 12/77]
  line 18451  DECIDED  n>=1  1 branch(es)  [8/15, 33/14, 25/2, 49/11, 14/5]
  line 18452  DECIDED  n>=3  1 branch(es)  [8/15, 33/14, 25/2, 49/11, 21/5]
  line 18453  DECIDED  n>=1  1 branch(es)  [8/15, 33/14, 25/2, 49/11, 22/5]
  line 18454  DECIDED  n>=1  1 branch(es)  [8/15, 33/14, 25/2, 49/11, 33/5]
  line 18497  DECIDED  n>=0  1 branch(es)  [8/15, 33/14, 5/2, 49/11, 28/5]
  line 18498  DECIDED  n>=1  1 branch(es)  [8/15, 33/14, 5/2, 49/11, 44/5]
  line 18499  DECIDED  n>=0  1 branch(es)  [8/15, 33/14, 5/2, 49/11, 66/5]
  line 18581  DECIDED  n>=3  1 branch(es)  [8/15, 33/28, 275/2, 7/11, 3/5]
  line 18582  DECIDED  n>=1  1 branch(es)  [8/15, 33/28, 275/2, 7/11, 3/7]
  line 18583  DECIDED  n>=2  1 branch(es)  [8/15, 33/28, 5/2, 7/11, 44/5]
  line 18585  DECIDED  n>=2  1 branch(es)  [8/15, 363/98, 55/2, 7/11, 3/7]
  line 18597  DECIDED  n>=1  1 branch(es)  [8/15, 7/3, 3993/2, 5/847, 3/11]
  line 18640  DECIDED  n>=3  1 branch(es)  [8/45, 5/14, 11/2, 189/11, 5/3]
  line 18641  DECIDED  n>=3  1 branch(es)  [8/45, 5/14, 297/2, 7/11, 5/3]
  line 18642  DECIDED  n>=3  1 branch(es)  [8/45, 5/14, 33/2, 63/11, 5/3]
  line 18646  DECIDED  n>=3  1 branch(es)  [8/45, 5/14, 99/2, 21/11, 5/3]
  line 18647  DECIDED  n>=3  2 branch(es)  [8/45, 55/14, 3/2, 7/11, 44/3]
  line 18654  DECIDED  n>=1  1 branch(es)  [8/9, 21/10, 1/21, 121/2, 75/11]
  line 18655  DECIDED  n>=1  1 branch(es)  [8/9, 21/10, 121/2, 1/21, 75/11]
  line 18656  DECIDED  n>=1  1 branch(es)  [8/9, 21/10, 121/2, 5/21, 15/11]
  line 18657  DECIDED  n>=1  1 branch(es)  [8/9, 21/10, 5/21, 121/2, 15/11]
  line 18715  DECIDED  n>=2  1 branch(es)  [9/10, 1/1617, 14/3, 77/2, 75/7]
  line 18786  DECIDED  n>=2  1 branch(es)  [9/10, 1225/33, 2/3, 11/7, 105/2]
  line 18787  DECIDED  n>=2  1 branch(es)  [9/10, 1225/33, 2/3, 11/7, 63/2]
  line 18788  DECIDED  n>=1  1 branch(es)  [9/10, 1225/33, 2/3, 11/7, 99/2]
  line 18790  DECIDED  n>=3  1 branch(es)  [9/10, 1225/33, 4/3, 11/7, 21/2]
  line 18799  DECIDED  n>=1  1 branch(es)  [9/10, 16807/2, 22/21, 5/11, 3/7]
  line 18814  DECIDED  n>=1  1 branch(es)  [9/10, 2/1155, 245/2, 55/7, 2/5]
  line 18835  DECIDED  n>=2  2 branch(es)  [9/10, 2/21, 3773/2, 5/49, 2/11]
  line 18836  DECIDED  n>=2  2 branch(es)  [9/10, 2/21, 3773/2, 5/49, 21/11]
  line 18839  DECIDED  n>=2  2 branch(es)  [9/10, 2/21, 41503/2, 5/49, 2/11]
  line 18843  DECIDED  n>=2  1 branch(es)  [9/10, 2/21, 539/2, 25/77, 2/5]
  line 18844  DECIDED  n>=2  1 branch(es)  [9/10, 2/21, 539/2, 25/77, 21/5]
  line 18861  DECIDED  n>=0  1 branch(es)  [9/10, 22/105, 245/2, 5/11, 10/7]
  line 18862  DECIDED  n>=2  1 branch(es)  [9/10, 22/105, 245/2, 5/11, 22/7]
  line 18863  DECIDED  n>=1  1 branch(es)  [9/10, 22/105, 245/2, 5/11, 9/7]
  line 18864  DECIDED  n>=1  1 branch(es)  [9/10, 22/105, 539/2, 5/11, 10/7]
  line 18865  DECIDED  n>=2  1 branch(es)  [9/10, 22/105, 539/2, 5/11, 22/7]
  line 18866  DECIDED  n>=2  1 branch(es)  [9/10, 22/105, 539/2, 5/11, 9/7]
  line 18867  DECIDED  n>=2  1 branch(es)  [9/10, 22/21, 16807/2, 5/11, 3/7]
  line 18868  DECIDED  n>=1  1 branch(es)  [9/10, 22/21, 2401/2, 5/11, 10/7]
  line 18869  DECIDED  n>=3  2 branch(es)  [9/10, 22/21, 2401/2, 5/11, 15/7]
  line 18870  DECIDED  n>=2  1 branch(es)  [9/10, 22/21, 2401/2, 5/11, 22/7]
  line 18872  DECIDED  n>=2  1 branch(es)  [9/10, 22/21, 2401/2, 5/11, 3/7]
  line 18874  DECIDED  n>=2  1 branch(es)  [9/10, 22/21, 2401/2, 5/11, 6/7]
  line 18875  DECIDED  n>=1  1 branch(es)  [9/10, 22/21, 2401/2, 5/11, 9/7]
  line 18883  DECIDED  n>=1  2 branch(es)  [9/10, 22/21, 343/2, 5/11, 10/49]
  line 18885  DECIDED  n>=1  1 branch(es)  [9/10, 22/21, 343/2, 5/11, 110/7]
  line 18889  DECIDED  n>=2  2 branch(es)  [9/10, 22/21, 343/2, 5/11, 22/49]
  line 18893  DECIDED  n>=2  2 branch(es)  [9/10, 22/21, 343/2, 5/11, 3/7, 1/3]
  line 18894  DECIDED  n>=2  2 branch(es)  [9/10, 22/21, 343/2, 5/11, 3/7, 1/5]
  line 18895  DECIDED  n>=2  2 branch(es)  [9/10, 22/21, 343/2, 5/11, 3/7]
  line 18898  DECIDED  n>=0  2 branch(es)  [9/10, 22/21, 343/2, 5/11, 45/7]
  line 18899  DECIDED  n>=0  2 branch(es)  [9/10, 22/21, 343/2, 5/11, 50/7]
  line 18903  DECIDED  n>=1  2 branch(es)  [9/10, 22/21, 343/2, 5/11, 9/49]
  line 18905  DECIDED  n>=1  1 branch(es)  [9/10, 22/21, 343/2, 5/11, 99/7]
  line 18910  DECIDED  n>=2  2 branch(es)  [9/10, 22/21, 3773/2, 5/49, 2/11]
  line 18921  DECIDED  n>=2  2 branch(es)  [9/10, 22/21, 49/2, 5/121, 10/7]
  line 18925  DECIDED  n>=2  2 branch(es)  [9/10, 22/21, 49/2, 5/121, 9/7]
  line 18928  DECIDED  n>=0  1 branch(es)  [9/10, 2401/2, 22/21, 5/11, 10/7]
  line 18929  DECIDED  n>=0  1 branch(es)  [9/10, 2401/2, 22/21, 5/11, 15/7]
  line 18930  DECIDED  n>=1  1 branch(es)  [9/10, 2401/2, 22/21, 5/11, 22/7]
  line 18931  DECIDED  n>=1  1 branch(es)  [9/10, 2401/2, 22/21, 5/11, 3/49]
  line 18932  DECIDED  n>=1  1 branch(es)  [9/10, 2401/2, 22/21, 5/11, 3/7]
  line 18933  DECIDED  n>=0  1 branch(es)  [9/10, 2401/2, 22/21, 5/11, 33/7]
  line 18934  DECIDED  n>=1  1 branch(es)  [9/10, 2401/2, 22/21, 5/11, 6/7]
  line 18935  DECIDED  n>=0  1 branch(es)  [9/10, 2401/2, 22/21, 5/11, 9/7]
  line 18936  DECIDED  n>=1  1 branch(es)  [9/10, 245/2, 2/1155, 55/7, 2/5]
  line 18937  DECIDED  n>=0  1 branch(es)  [9/10, 245/2, 22/105, 5/11, 10/7]
  line 18938  DECIDED  n>=2  1 branch(es)  [9/10, 245/2, 22/105, 5/11, 22/7]
  line 18939  DECIDED  n>=1  1 branch(es)  [9/10, 245/2, 22/105, 5/11, 9/7]
  line 18942  DECIDED  n>=1  1 branch(es)  [9/10, 245/33, 2/3, 11/49, 99/2]
  line 18949  DECIDED  n>=2  1 branch(es)  [9/10, 245/33, 4/3, 11/7, 105/2]
  line 18950  DECIDED  n>=3  2 branch(es)  [9/10, 245/33, 4/3, 11/7, 147/2]
  line 18951  DECIDED  n>=1  1 branch(es)  [9/10, 245/33, 4/3, 11/7, 21/2]
  line 18952  DECIDED  n>=1  1 branch(es)  [9/10, 245/33, 4/3, 11/7, 63/2]
  line 18953  DECIDED  n>=2  1 branch(es)  [9/10, 245/33, 4/3, 11/7, 99/2]
  line 18955  DECIDED  n>=1  1 branch(es)  [9/10, 245/33, 8/3, 11/7, 21/2]
  line 18964  DECIDED  n>=2  2 branch(es)  [9/10, 275/21, 2/3, 49/11, 165/2]
  line 18965  DECIDED  n>=1  1 branch(es)  [9/10, 275/21, 2/3, 49/11, 63/2]
  line 18966  DECIDED  n>=1  2 branch(es)  [9/10, 275/21, 2/3, 49/11, 99/2]
  line 18979  DECIDED  n>=2  1 branch(es)  [9/10, 275/21, 4/3, 49/11, 33/2]
  line 18996  DECIDED  n>=3  2 branch(es)  [9/10, 275/63, 2/3, 7/11, 99/2]
  line 18999  DECIDED  n>=1  1 branch(es)  [9/10, 343/2, 2/1617, 55/7, 2/5]
  line 19003  DECIDED  n>=0  1 branch(es)  [9/10, 343/2, 22/21, 5/11, 10/49]
  line 19004  DECIDED  n>=0  1 branch(es)  [9/10, 343/2, 22/21, 5/11, 10/7]
  line 19005  DECIDED  n>=0  1 branch(es)  [9/10, 343/2, 22/21, 5/11, 110/7]
  line 19006  DECIDED  n>=2  1 branch(es)  [9/10, 343/2, 22/21, 5/11, 12/7]
  line 19007  DECIDED  n>=0  1 branch(es)  [9/10, 343/2, 22/21, 5/11, 18/7]
  line 19008  DECIDED  n>=1  1 branch(es)  [9/10, 343/2, 22/21, 5/11, 20/7]
  line 19009  DECIDED  n>=1  1 branch(es)  [9/10, 343/2, 22/21, 5/11, 22/49]
  line 19010  DECIDED  n>=1  1 branch(es)  [9/10, 343/2, 22/21, 5/11, 22/7]
  line 19011  DECIDED  n>=0  1 branch(es)  [9/10, 343/2, 22/21, 5/11, 242/7]
  line 19012  DECIDED  n>=0  1 branch(es)  [9/10, 343/2, 22/21, 5/11, 27/7]
  line 19013  DECIDED  n>=1  1 branch(es)  [9/10, 343/2, 22/21, 5/11, 3/7, 1/3]
  line 19014  DECIDED  n>=1  1 branch(es)  [9/10, 343/2, 22/21, 5/11, 3/7, 1/5]
  line 19015  DECIDED  n>=1  1 branch(es)  [9/10, 343/2, 22/21, 5/11, 3/7]
  line 19016  DECIDED  n>=0  1 branch(es)  [9/10, 343/2, 22/21, 5/11, 30/7]
  line 19017  DECIDED  n>=2  1 branch(es)  [9/10, 343/2, 22/21, 5/11, 44/7]
  line 19018  DECIDED  n>=0  1 branch(es)  [9/10, 343/2, 22/21, 5/11, 45/7]
  line 19019  DECIDED  n>=0  1 branch(es)  [9/10, 343/2, 22/21, 5/11, 50/7]
  line 19020  DECIDED  n>=1  1 branch(es)  [9/10, 343/2, 22/21, 5/11, 6/49]
  line 19021  DECIDED  n>=1  1 branch(es)  [9/10, 343/2, 22/21, 5/11, 6/7]
  line 19022  DECIDED  n>=0  1 branch(es)  [9/10, 343/2, 22/21, 5/11, 66/7]
  line 19023  DECIDED  n>=0  1 branch(es)  [9/10, 343/2, 22/21, 5/11, 9/49]
  line 19024  DECIDED  n>=0  1 branch(es)  [9/10, 343/2, 22/21, 5/11, 9/7]
  line 19025  DECIDED  n>=0  1 branch(es)  [9/10, 343/2, 22/21, 5/11, 99/7]
  line 19028  DECIDED  n>=1  1 branch(es)  [9/10, 343/2, 242/21, 5/121, 3/7]
  line 19030  DECIDED  n>=2  1 branch(es)  [9/10, 343/2, 44/147, 5/11, 3/7]
  line 19033  DECIDED  n>=1  1 branch(es)  [9/10, 343/5, 5/1617, 22/7, 5/2]
  line 19034  DECIDED  n>=1  1 branch(es)  [9/10, 343/5, 55/21, 2/11, 45/2]
  line 19042  DECIDED  n>=2  1 branch(es)  [9/10, 3773/2, 2/21, 5/49, 2/11]
  line 19043  DECIDED  n>=2  1 branch(es)  [9/10, 3773/2, 2/21, 5/49, 21/11]
  line 19048  DECIDED  n>=2  1 branch(es)  [9/10, 3773/2, 22/21, 5/49, 2/11]
  line 19085  DECIDED  n>=2  1 branch(es)  [9/10, 4/21, 77/2, 5/7, 18/55]
  line 19096  DECIDED  n>=2  1 branch(es)  [9/10, 4/231, 539/2, 5/11, 33/7]
  line 19099  DECIDED  n>=2  1 branch(es)  [9/10, 4/63, 539/2, 5/7, 14/11]
  line 19101  DECIDED  n>=2  1 branch(es)  [9/10, 41503/2, 2/21, 5/49, 2/11]
  line 19104  DECIDED  n>=2  1 branch(es)  [9/10, 44/147, 343/2, 5/11, 3/7]
  line 19120  DECIDED  n>=1  1 branch(es)  [9/10, 44/21, 49/2, 5/11, 110/7]
  line 19121  DECIDED  n>=1  1 branch(es)  [9/10, 44/21, 49/2, 5/11, 165/7]
  line 19122  DECIDED  n>=2  1 branch(es)  [9/10, 44/21, 49/2, 5/11, 242/7]
  line 19123  DECIDED  n>=2  1 branch(es)  [9/10, 44/21, 49/2, 5/11, 363/7]
  line 19124  DECIDED  n>=1  1 branch(es)  [9/10, 44/21, 49/2, 5/11, 50/7]
  line 19125  DECIDED  n>=2  1 branch(es)  [9/10, 44/21, 49/2, 5/77, 22/7]
  line 19135  DECIDED  n>=1  1 branch(es)  [9/10, 44/21, 7/2, 5/11, 198/7]
  line 19136  DECIDED  n>=1  1 branch(es)  [9/10, 44/21, 7/2, 5/11, 220/7]
  line 19137  DECIDED  n>=1  1 branch(es)  [9/10, 44/21, 7/2, 5/11, 484/7]
  line 19138  DECIDED  n>=2  1 branch(es)  [9/10, 44/21, 7/2, 5/11, 66/7]
  line 19153  DECIDED  n>=0  1 branch(es)  [9/10, 49/2, 22/21, 5/121, 10/7]
  line 19154  DECIDED  n>=1  1 branch(es)  [9/10, 49/2, 22/21, 5/121, 242/7]
  line 19157  DECIDED  n>=1  1 branch(es)  [9/10, 49/2, 22/21, 5/121, 9/7]
  line 19158  DECIDED  n>=2  1 branch(es)  [9/10, 49/2, 44/147, 5/11, 22/7]
  line 19169  DECIDED  n>=1  1 branch(es)  [9/10, 49/2, 44/21, 5/11, 110/7]
  line 19170  DECIDED  n>=0  1 branch(es)  [9/10, 49/2, 44/21, 5/11, 165/7]
  line 19171  DECIDED  n>=1  1 branch(es)  [9/10, 49/2, 44/21, 5/11, 242/7]
  line 19172  DECIDED  n>=1  1 branch(es)  [9/10, 49/2, 44/21, 5/11, 363/7]
  line 19173  DECIDED  n>=0  1 branch(es)  [9/10, 49/2, 44/21, 5/11, 50/7]
  line 19174  DECIDED  n>=2  1 branch(es)  [9/10, 49/2, 44/21, 5/77, 22/7]
  line 19188  DECIDED  n>=2  1 branch(es)  [9/10, 5/1617, 14/3, 77/2, 15/7]
  line 19205  DECIDED  n>=1  2 branch(es)  [9/10, 5/21, 343/55, 2/7, 605/2]
  line 19223  DECIDED  n>=2  1 branch(es)  [9/10, 5/21, 539/5, 4/77, 21/2]
  line 19224  DECIDED  n>=2  1 branch(es)  [9/10, 5/21, 539/5, 4/77, 5/2]
  line 19229  DECIDED  n>=2  1 branch(es)  [9/10, 5/231, 14/3, 1331/2, 10/11]
  line 19231  DECIDED  n>=2  1 branch(es)  [9/10, 5/231, 14/3, 1331/2, 9/11]
  line 19232  DECIDED  n>=2  1 branch(es)  [9/10, 5/231, 14/3, 14641/2, 3/11]
  line 19236  DECIDED  n>=1  1 branch(es)  [9/10, 5/462, 98/5, 22/7, 5/2]
  line 19252  DECIDED  n>=1  1 branch(es)  [9/10, 539/2, 22/105, 5/11, 10/7]
  line 19253  DECIDED  n>=2  1 branch(es)  [9/10, 539/2, 22/105, 5/11, 22/7]
  line 19254  DECIDED  n>=2  1 branch(es)  [9/10, 539/2, 22/105, 5/11, 9/7]
  line 19268  DECIDED  n>=2  1 branch(es)  [9/10, 539/2, 4/231, 5/11, 33/7]
  line 19272  DECIDED  n>=2  1 branch(es)  [9/10, 539/2, 4/63, 5/7, 14/11]
  line 19294  DECIDED  n>=1  1 branch(es)  [9/10, 55/147, 2/3, 49/11, 165/2]
  line 19296  DECIDED  n>=1  1 branch(es)  [9/10, 55/147, 2/3, 49/11, 99/2]
  line 19297  DECIDED  n>=2  1 branch(es)  [9/10, 55/147, 22/3, 7/11, 105/2]
  line 19299  DECIDED  n>=2  1 branch(es)  [9/10, 55/147, 22/3, 7/11, 165/2]
  line 19303  DECIDED  n>=1  1 branch(es)  [9/10, 55/147, 28/3, 49/11, 3/2]
  line 19306  DECIDED  n>=1  1 branch(es)  [9/10, 55/147, 44/3, 49/11, 3/2]
  line 19311  DECIDED  n>=1  1 branch(es)  [9/10, 55/21, 176/3, 7/11, 3/2]
  line 19315  DECIDED  n>=0  2 branch(es)  [9/10, 55/21, 2/3, 49/121, 165/2]
  line 19316  DECIDED  n>=0  2 branch(es)  [9/10, 55/21, 2/3, 49/121, 63/2]
  line 19321  DECIDED  n>=1  1 branch(es)  [9/10, 55/21, 2/3, 7/11, 1089/2]
  line 19322  DECIDED  n>=0  1 branch(es)  [9/10, 55/21, 2/3, 7/11, 1323/2]
  line 19323  DECIDED  n>=2  1 branch(es)  [9/10, 55/21, 2/3, 7/11, 1485/2]
  line 19324  DECIDED  n>=1  1 branch(es)  [9/10, 55/21, 2/3, 7/11, 1575/2]
  line 19325  DECIDED  n>=1  1 branch(es)  [9/10, 55/21, 2/3, 7/11, 165/2, 1/5]
  line 19326  DECIDED  n>=1  1 branch(es)  [9/10, 55/21, 2/3, 7/11, 165/2, 1/7]
  line 19327  DECIDED  n>=1  1 branch(es)  [9/10, 55/21, 2/3, 7/11, 165/2]
  line 19328  DECIDED  n>=2  1 branch(es)  [9/10, 55/21, 2/3, 7/11, 1815/2]
  line 19329  DECIDED  n>=2  1 branch(es)  [9/10, 55/21, 2/3, 7/11, 189/2]
  line 19330  DECIDED  n>=0  1 branch(es)  [9/10, 55/21, 2/3, 7/11, 2079/2]
  line 19331  DECIDED  n>=3  1 branch(es)  [9/10, 55/21, 2/3, 7/11, 2475/2]
  line 19332  DECIDED  n>=1  1 branch(es)  [9/10, 55/21, 2/3, 7/11, 297/2]
  line 19333  DECIDED  n>=1  1 branch(es)  [9/10, 55/21, 2/3, 7/11, 315/2]
  line 19334  DECIDED  n>=0  1 branch(es)  [9/10, 55/21, 2/3, 7/11, 3267/2]
  line 19335  DECIDED  n>=1  1 branch(es)  [9/10, 55/21, 2/3, 7/11, 3465/2]
  line 19336  DECIDED  n>=1  1 branch(es)  [9/10, 55/21, 2/3, 7/11, 4125/2]
  line 19337  DECIDED  n>=2  1 branch(es)  [9/10, 55/21, 2/3, 7/11, 495/2]
  line 19338  DECIDED  n>=0  1 branch(es)  [9/10, 55/21, 2/3, 7/11, 5445/2]
  line 19339  DECIDED  n>=2  1 branch(es)  [9/10, 55/21, 2/3, 7/11, 567/2]
  line 19340  DECIDED  n>=1  1 branch(es)  [9/10, 55/21, 2/3, 7/11, 63/2, 1/5]
  line 19341  DECIDED  n>=1  1 branch(es)  [9/10, 55/21, 2/3, 7/11, 63/2, 1/7]
  line 19342  DECIDED  n>=1  1 branch(es)  [9/10, 55/21, 2/3, 7/11, 63/2]
  line 19343  DECIDED  n>=1  1 branch(es)  [9/10, 55/21, 2/3, 7/11, 693/2]
  line 19344  DECIDED  n>=1  1 branch(es)  [9/10, 55/21, 2/3, 7/11, 825/2]
  line 19345  DECIDED  n>=1  1 branch(es)  [9/10, 55/21, 2/3, 7/11, 891/2]
  line 19346  DECIDED  n>=1  1 branch(es)  [9/10, 55/21, 2/3, 7/11, 9075/2]
  line 19347  DECIDED  n>=3  1 branch(es)  [9/10, 55/21, 2/3, 7/11, 945/2]
  line 19348  DECIDED  n>=1  1 branch(es)  [9/10, 55/21, 2/3, 7/11, 99/2, 1/5]
  line 19349  DECIDED  n>=1  1 branch(es)  [9/10, 55/21, 2/3, 7/11, 99/2, 1/7]
  line 19350  DECIDED  n>=1  1 branch(es)  [9/10, 55/21, 2/3, 7/11, 99/2]
  line 19352  DECIDED  n>=2  1 branch(es)  [9/10, 55/21, 22/3, 7/121, 165/2]
  line 19353  DECIDED  n>=1  1 branch(es)  [9/10, 55/21, 22/3, 7/121, 63/2]
  line 19361  DECIDED  n>=2  1 branch(es)  [9/10, 55/21, 4/3, 49/11, 165/2]
  line 19362  DECIDED  n>=3  2 branch(es)  [9/10, 55/21, 4/3, 49/11, 33/2]
  line 19363  DECIDED  n>=2  1 branch(es)  [9/10, 55/21, 4/3, 49/11, 63/2]
  line 19364  DECIDED  n>=0  1 branch(es)  [9/10, 55/21, 4/3, 49/11, 99/2]
  line 19383  DECIDED  n>=2  2 branch(es)  [9/10, 55/21, 4/9, 7/11, 99/2]
  line 19387  DECIDED  n>=2  1 branch(es)  [9/10, 55/21, 44/3, 7/11, 15/2]
  line 19388  DECIDED  n>=0  1 branch(es)  [9/10, 55/21, 44/3, 7/11, 165/2]
  line 19389  DECIDED  n>=0  1 branch(es)  [9/10, 55/21, 44/3, 7/11, 27/2]
  line 19390  DECIDED  n>=1  1 branch(es)  [9/10, 55/21, 44/3, 7/11, 3/2, 1/5]
  line 19391  DECIDED  n>=1  1 branch(es)  [9/10, 55/21, 44/3, 7/11, 3/2, 1/7]
  line 19392  DECIDED  n>=1  1 branch(es)  [9/10, 55/21, 44/3, 7/11, 3/2]
  line 19393  DECIDED  n>=3  2 branch(es)  [9/10, 55/21, 44/3, 7/11, 33/2]
  line 19394  DECIDED  n>=2  1 branch(es)  [9/10, 55/21, 44/3, 7/11, 45/2]
  line 19395  DECIDED  n>=0  1 branch(es)  [9/10, 55/21, 44/3, 7/11, 63/2]
  line 19396  DECIDED  n>=2  1 branch(es)  [9/10, 55/21, 44/3, 7/11, 75/2]
  line 19397  DECIDED  n>=0  1 branch(es)  [9/10, 55/21, 44/3, 7/11, 9/2]
  line 19398  DECIDED  n>=0  1 branch(es)  [9/10, 55/21, 44/3, 7/11, 99/2]
  line 19404  DECIDED  n>=0  1 branch(es)  [9/10, 55/21, 8/3, 49/11, 33/2]
  line 19411  DECIDED  n>=2  1 branch(es)  [9/10, 55/21, 88/3, 7/11, 15/2]
  line 19412  DECIDED  n>=1  1 branch(es)  [9/10, 55/21, 88/3, 7/11, 3/2]
  line 19413  DECIDED  n>=0  1 branch(es)  [9/10, 55/21, 88/3, 7/11, 33/2]
  line 19414  DECIDED  n>=0  1 branch(es)  [9/10, 55/21, 88/3, 7/11, 9/2]
  line 19431  DECIDED  n>=1  1 branch(es)  [9/10, 605/147, 28/3, 7/11, 3/2]
  line 19445  DECIDED  n>=1  1 branch(es)  [9/10, 7/2, 44/21, 5/11, 198/7]
  line 19446  DECIDED  n>=0  1 branch(es)  [9/10, 7/2, 44/21, 5/11, 220/7]
  line 19447  DECIDED  n>=1  1 branch(es)  [9/10, 7/2, 44/21, 5/11, 484/7]
  line 19448  DECIDED  n>=1  1 branch(es)  [9/10, 7/2, 44/21, 5/11, 66/7]
  line 19469  DECIDED  n>=2  1 branch(es)  [9/10, 77/2, 4/21, 5/7, 18/55]
  line 19508  DECIDED  n>=2  2 branch(es)  [9/10, 98/33, 1331/2, 5/49, 3/11]
  line 19509  DECIDED  n>=1  1 branch(es)  [9/10, 98/5, 5/462, 22/7, 5/2]
  line 19585  DECIDED  n>=2  1 branch(es)  [9/20, 1/231, 28/3, 121/2, 15/11]
  line 19590  DECIDED  n>=1  1 branch(es)  [9/20, 343/2, 44/21, 5/11, 3/7]
  line 19593  DECIDED  n>=2  1 branch(es)  [9/20, 44/21, 343/2, 5/11, 3/7]
  line 19594  DECIDED  n>=2  1 branch(es)  [9/20, 44/21, 49/2, 5/11, 3/7]
  line 19595  DECIDED  n>=1  1 branch(es)  [9/20, 44/21, 49/2, 5/11, 33/7]
  line 19596  DECIDED  n>=2  1 branch(es)  [9/20, 44/21, 49/2, 5/11, 6/7]
  line 19597  DECIDED  n>=3  1 branch(es)  [9/20, 44/21, 49/2, 5/11, 9/7]
  line 19600  DECIDED  n>=1  1 branch(es)  [9/20, 49/2, 44/21, 5/11, 3/7]
    ... 19600/21233 scanned, 2787 decided, 36255s
  line 19601  DECIDED  n>=0  1 branch(es)  [9/20, 49/2, 44/21, 5/11, 33/7]
  line 19602  DECIDED  n>=1  1 branch(es)  [9/20, 49/2, 44/21, 5/11, 6/7]
  line 19603  DECIDED  n>=0  1 branch(es)  [9/20, 49/2, 44/21, 5/11, 9/7]
  line 19606  DECIDED  n>=2  1 branch(es)  [9/20, 5/231, 28/3, 121/2, 3/11]
  line 19608  DECIDED  n>=1  1 branch(es)  [9/20, 55/21, 4/3, 7/11, 165/2]
  line 19609  DECIDED  n>=1  1 branch(es)  [9/20, 55/21, 4/3, 7/11, 63/2]
  line 19610  DECIDED  n>=1  1 branch(es)  [9/20, 55/21, 4/3, 7/11, 99/2]
  line 19621  DECIDED  n>=0  1 branch(es)  [9/35, 1/132, 10/3, 22/5, 147/2]
  line 19630  DECIDED  n>=0  1 branch(es)  [9/35, 1/198, 10/3, 11/5, 1029/2]
  line 19764  DECIDED  n>=0  1 branch(es)  [9/35, 1/66, 10/3, 22/5, 1617/2]
  line 19770  DECIDED  n>=1  2 branch(es)  [9/35, 1/66, 250/3, 22/5, 21/2]
  line 19774  DECIDED  n>=0  1 branch(es)  [9/35, 1/66, 55/3, 16/5, 21/2]
  line 19775  DECIDED  n>=0  1 branch(es)  [9/35, 1/66, 55/3, 4/55, 147/2]
  line 19817  DECIDED  n>=2  2 branch(es)  [9/35, 10/33, 2662/5, 7/121, 5/2]
  line 19877  DECIDED  n>=2  1 branch(es)  [9/35, 1331/5, 10/33, 7/2, 45/7]
  line 19880  DECIDED  n>=1  1 branch(es)  [9/35, 16/5, 55/6, 7/11, 15/2]
  line 19881  DECIDED  n>=1  1 branch(es)  [9/35, 16/5, 55/6, 7/11, 55/2]
  line 19894  DECIDED  n>=2  1 branch(es)  [9/35, 2/25, 220/3, 7/44, 3/2]
  line 19899  DECIDED  n>=1  1 branch(es)  [9/35, 2/5, 275/6, 7/11, 165/2]
  line 19900  DECIDED  n>=0  1 branch(es)  [9/35, 2/5, 275/6, 7/11, 1925/2]
    ... 19900/21233 scanned, 2807 decided, 36383s
  line 19901  DECIDED  n>=1  1 branch(es)  [9/35, 2/5, 275/6, 7/11, 3025/2]
  line 19902  DECIDED  n>=1  1 branch(es)  [9/35, 2/5, 275/6, 7/11, 495/2]
  line 19962  DECIDED  n>=1  1 branch(es)  [9/35, 220/3, 2/25, 7/44, 3/2]
  line 19987  DECIDED  n>=0  1 branch(es)  [9/35, 25/198, 14/3, 11/7, 15/2]
  line 20032  DECIDED  n>=1  1 branch(es)  [9/35, 25/66, 14/3, 11/7, 35/2]
  line 20034  DECIDED  n>=1  1 branch(es)  [9/35, 25/66, 14/3, 11/7, 9/2]
  line 20047  DECIDED  n>=2  1 branch(es)  [9/35, 2662/5, 10/33, 7/121, 5/2]
  line 20051  DECIDED  n>=2  1 branch(es)  [9/35, 2662/5, 5/33, 7/121, 33/2]
  line 20052  DECIDED  n>=2  1 branch(es)  [9/35, 2662/5, 5/33, 7/121, 5/2]
  line 20058  DECIDED  n>=2  1 branch(es)  [9/35, 275/6, 2/5, 7/11, 165/2]
  line 20059  DECIDED  n>=1  1 branch(es)  [9/35, 275/6, 2/5, 7/11, 1925/2]
  line 20060  DECIDED  n>=1  1 branch(es)  [9/35, 275/6, 2/5, 7/11, 3025/2]
  line 20061  DECIDED  n>=1  1 branch(es)  [9/35, 275/6, 2/5, 7/11, 495/2]
  line 20065  DECIDED  n>=2  1 branch(es)  [9/35, 275/6, 4/5, 7/11, 605/2]
  line 20068  DECIDED  n>=1  1 branch(es)  [9/35, 28/5, 55/42, 7/11, 55/2]
  line 20096  DECIDED  n>=1  1 branch(es)  [9/35, 4/5, 275/6, 7/11, 605/2]
  line 20099  DECIDED  n>=1  1 branch(es)  [9/35, 4/5, 55/6, 7/121, 605/2]
  line 20100  DECIDED  n>=1  1 branch(es)  [9/35, 4/55, 55/6, 7/11, 605/2]
    ... 20100/21233 scanned, 2825 decided, 36483s
  line 20113  DECIDED  n>=2  1 branch(es)  [9/35, 44/5, 55/42, 7/11, 55/2]
  line 20121  DECIDED  n>=1  1 branch(es)  [9/35, 5/132, 14/3, 22/7, 15/2]
  line 20125  DECIDED  n>=0  1 branch(es)  [9/35, 5/198, 14/3, 11/7, 75/2]
  line 20176  DECIDED  n>=2  2 branch(es)  [9/35, 5/33, 2662/5, 7/121, 33/2]
  line 20177  DECIDED  n>=2  2 branch(es)  [9/35, 5/33, 2662/5, 7/121, 5/2]
  line 20189  DECIDED  n>=2  2 branch(es)  [9/35, 5/33, 5324/5, 7/121, 5/2]
  line 20224  DECIDED  n>=3  1 branch(es)  [9/35, 5/33, 98/3, 121/343, 3/2]
  line 20255  DECIDED  n>=2  2 branch(es)  [9/35, 5/6, 8/55, 7/2, 605/7]
  line 20256  DECIDED  n>=2  1 branch(es)  [9/35, 5/6, 8/55, 77/2, 10/7]
  line 20260  DECIDED  n>=2  1 branch(es)  [9/35, 5/66, 196/3, 11/7, 21/2]
  line 20264  DECIDED  n>=1  1 branch(es)  [9/35, 5/66, 28/3, 11/7, 385/2]
  line 20265  DECIDED  n>=1  1 branch(es)  [9/35, 5/66, 28/3, 11/7, 99/2]
  line 20267  DECIDED  n>=1  1 branch(es)  [9/35, 5/66, 28/3, 121/7, 35/2]
  line 20268  DECIDED  n>=1  1 branch(es)  [9/35, 5/66, 28/3, 121/7, 9/2]
  line 20269  DECIDED  n>=1  1 branch(es)  [9/35, 5/66, 28/3, 242/7, 3/2]
  line 20270  DECIDED  n>=1  1 branch(es)  [9/35, 5/66, 77/3, 16/7, 3/2]
  line 20271  DECIDED  n>=1  1 branch(es)  [9/35, 5/66, 77/3, 4/77, 15/2]
  line 20273  DECIDED  n>=1  1 branch(es)  [9/35, 5/66, 77/3, 8/7, 35/2]
  line 20274  DECIDED  n>=1  1 branch(es)  [9/35, 5/66, 77/3, 8/7, 9/2]
  line 20282  DECIDED  n>=2  1 branch(es)  [9/35, 5324/5, 5/33, 7/121, 5/2]
  line 20285  DECIDED  n>=2  1 branch(es)  [9/35, 55/6, 16/5, 7/11, 15/2]
  line 20286  DECIDED  n>=1  1 branch(es)  [9/35, 55/6, 16/5, 7/11, 55/2]
  line 20288  DECIDED  n>=3  2 branch(es)  [9/35, 55/6, 4/5, 7/121, 605/2]
  line 20289  DECIDED  n>=3  2 branch(es)  [9/35, 55/6, 4/55, 7/11, 605/2]
  line 20296  DECIDED  n>=1  2 branch(es)  [9/35, 55/6, 8/5, 7/11, 605/2]
  line 20387  DECIDED  n>=1  1 branch(es)  [9/35, 77/30, 20/7, 5/11, 77/2]
  line 20388  DECIDED  n>=2  1 branch(es)  [9/35, 77/30, 44/7, 5/11, 77/2]
  line 20390  DECIDED  n>=1  1 branch(es)  [9/35, 8/5, 55/6, 7/11, 15/2]
  line 20391  DECIDED  n>=0  1 branch(es)  [9/35, 8/5, 55/6, 7/11, 165/2]
  line 20392  DECIDED  n>=1  1 branch(es)  [9/35, 8/5, 55/6, 7/11, 175/2]
  line 20393  DECIDED  n>=2  1 branch(es)  [9/35, 8/5, 55/6, 7/11, 275/2]
  line 20394  DECIDED  n>=0  1 branch(es)  [9/35, 8/5, 55/6, 7/11, 45/2]
  line 20395  DECIDED  n>=1  1 branch(es)  [9/35, 8/5, 55/6, 7/11, 55/2]
  line 20396  DECIDED  n>=0  1 branch(es)  [9/35, 8/5, 55/6, 7/11, 605/2]
  line 20397  DECIDED  n>=2  1 branch(es)  [9/35, 8/5, 55/6, 7/11, 75/2]
  line 20398  DECIDED  n>=2  1 branch(es)  [9/35, 8/55, 5/12, 77/2, 5/7]
  line 20399  DECIDED  n>=2  1 branch(es)  [9/35, 8/55, 5/6, 77/2, 10/7]
  line 20421  DECIDED  n>=0  1 branch(es)  [9/385, 100/3, 7/5, 11/14, 33/2]
  line 20431  DECIDED  n>=0  1 branch(es)  [9/385, 140/3, 7/5, 11/14, 33/2]
  line 20434  DECIDED  n>=2  1 branch(es)  [9/385, 175/6, 2/5, 77/2, 25/7]
  line 20436  DECIDED  n>=2  1 branch(es)  [9/385, 2/5, 175/6, 77/2, 25/7]
  line 20437  DECIDED  n>=0  1 branch(es)  [9/385, 20/3, 1/20, 539/2, 3/7]
  line 20447  DECIDED  n>=2  1 branch(es)  [9/385, 28/5, 5/6, 121/2, 25/11]
  line 20448  DECIDED  n>=2  1 branch(es)  [9/385, 28/5, 5/6, 121/2, 5/11]
  line 20449  DECIDED  n>=2  1 branch(es)  [9/385, 28/5, 5/6, 121/2, 6/11]
  line 20450  DECIDED  n>=2  1 branch(es)  [9/385, 28/5, 5/6, 1331/2, 5/11]
  line 20454  DECIDED  n>=2  1 branch(es)  [9/385, 35/6, 4/5, 77/2, 25/7]
  line 20457  DECIDED  n>=2  1 branch(es)  [9/385, 4/5, 35/6, 77/2, 25/7]
  line 20460  DECIDED  n>=2  1 branch(es)  [9/385, 5/6, 28/5, 121/2, 25/11]
  line 20461  DECIDED  n>=2  1 branch(es)  [9/385, 5/6, 28/5, 121/2, 5/11]
  line 20462  DECIDED  n>=2  1 branch(es)  [9/385, 5/6, 28/5, 121/2, 6/11]
  line 20463  DECIDED  n>=2  1 branch(es)  [9/385, 5/6, 28/5, 1331/2, 5/11]
  line 20511  DECIDED  n>=2  1 branch(es)  [9/70, 1/165, 10/3, 121/2, 147/11]
  line 20512  DECIDED  n>=2  1 branch(es)  [9/70, 1/165, 10/3, 55/2, 147/5]
  line 20520  DECIDED  n>=1  1 branch(es)  [9/70, 10/33, 121/2, 35/11, 4/5]
  line 20522  DECIDED  n>=1  1 branch(es)  [9/70, 10/33, 121/5, 14/11, 25/2]
  line 20525  DECIDED  n>=2  1 branch(es)  [9/70, 11/2, 20/33, 35/11, 4/5]
  line 20530  DECIDED  n>=1  1 branch(es)  [9/70, 11/5, 50/33, 14/11, 25/2]
  line 20531  DECIDED  n>=1  1 branch(es)  [9/70, 121/2, 10/33, 35/11, 4/5]
  line 20533  DECIDED  n>=1  1 branch(es)  [9/70, 121/5, 10/33, 14/11, 25/2]
  line 20547  DECIDED  n>=1  1 branch(es)  [9/70, 175/33, 14/3, 11/7, 15/2]
  line 20548  DECIDED  n>=1  1 branch(es)  [9/70, 175/33, 14/3, 11/7, 9/2]
  line 20549  DECIDED  n>=1  1 branch(es)  [9/70, 175/33, 2/3, 11/5, 45/2]
  line 20550  DECIDED  n>=1  1 branch(es)  [9/70, 175/33, 2/3, 11/5, 99/2]
  line 20551  DECIDED  n>=1  1 branch(es)  [9/70, 175/33, 20/3, 11/5, 3/2]
  line 20552  DECIDED  n>=1  1 branch(es)  [9/70, 175/33, 28/3, 11/7, 3/2]
  line 20561  DECIDED  n>=1  1 branch(es)  [9/70, 2/33, 3025/2, 7/11, 4/5]
  line 20562  DECIDED  n>=1  1 branch(es)  [9/70, 2/33, 605/2, 343/11, 2/7]
  line 20563  DECIDED  n>=1  1 branch(es)  [9/70, 2/33, 605/2, 49/11, 2/7]
  line 20565  DECIDED  n>=1  1 branch(es)  [9/70, 2/33, 605/2, 49/11, 33/7]
  line 20566  DECIDED  n>=2  1 branch(es)  [9/70, 2/33, 605/2, 49/11, 4/7]
  line 20569  DECIDED  n>=2  1 branch(es)  [9/70, 20/33, 11/2, 35/11, 4/5]
  line 20571  DECIDED  n>=2  1 branch(es)  [9/70, 20/33, 55/2, 7/11, 4/5]
  line 20581  DECIDED  n>=1  1 branch(es)  [9/70, 22/5, 25/33, 7/11, 25/2]
  line 20583  DECIDED  n>=1  1 branch(es)  [9/70, 22/5, 25/33, 7/11, 33/2]
  line 20585  DECIDED  n>=1  1 branch(es)  [9/70, 22/5, 50/33, 7/11, 25/2]
  line 20586  DECIDED  n>=2  1 branch(es)  [9/70, 25/2, 44/15, 7/11, 22/5]
  line 20587  DECIDED  n>=2  1 branch(es)  [9/70, 25/2, 44/15, 7/11, 3/5]
  line 20588  DECIDED  n>=1  1 branch(es)  [9/70, 25/2, 44/15, 7/11, 9/5]
  line 20589  DECIDED  n>=2  2 branch(es)  [9/70, 25/2, 44/15, 7/55, 3/5]
  line 20598  DECIDED  n>=1  1 branch(es)  [9/70, 25/33, 22/5, 7/11, 25/2]
  line 20600  DECIDED  n>=1  1 branch(es)  [9/70, 25/33, 22/5, 7/11, 33/2]
    ... 20600/21233 scanned, 2907 decided, 36983s
  line 20604  DECIDED  n>=1  1 branch(es)  [9/70, 25/7, 7/165, 22/5, 35/2]
  line 20622  DECIDED  n>=1  1 branch(es)  [9/70, 3025/2, 2/33, 7/11, 4/5]
  line 20627  DECIDED  n>=0  1 branch(es)  [9/70, 35/33, 10/3, 11/5, 147/2]
  line 20628  DECIDED  n>=1  1 branch(es)  [9/70, 35/33, 10/3, 11/5, 21/2]
  line 20629  DECIDED  n>=1  1 branch(es)  [9/70, 35/33, 10/3, 11/5, 27/2]
  line 20630  DECIDED  n>=0  1 branch(es)  [9/70, 35/33, 10/3, 11/5, 63/2]
  line 20631  DECIDED  n>=1  1 branch(es)  [9/70, 35/33, 10/3, 11/5, 9/2]
  line 20632  DECIDED  n>=3  2 branch(es)  [9/70, 35/33, 100/3, 11/5, 3/2]
  line 20638  DECIDED  n>=3  2 branch(es)  [9/70, 35/33, 20/3, 121/5, 3/2]
  line 20643  DECIDED  n>=1  1 branch(es)  [9/70, 4/15, 605/2, 7/5, 10/11]
  line 20652  DECIDED  n>=2  1 branch(es)  [9/70, 4/33, 55/2, 7/11, 33/5]
  line 20654  DECIDED  n>=2  1 branch(es)  [9/70, 4/33, 55/2, 7/11, 4/5]
  line 20656  DECIDED  n>=2  1 branch(es)  [9/70, 4/55, 5/6, 77/2, 10/7]
  line 20657  DECIDED  n>=2  1 branch(es)  [9/70, 44/15, 25/2, 7/11, 22/5]
  line 20658  DECIDED  n>=3  2 branch(es)  [9/70, 44/15, 25/2, 7/11, 3/5]
  line 20659  DECIDED  n>=2  2 branch(es)  [9/70, 44/15, 25/2, 7/11, 9/5]
  line 20660  DECIDED  n>=2  2 branch(es)  [9/70, 44/15, 25/2, 7/55, 3/5]
  line 20668  DECIDED  n>=1  1 branch(es)  [9/70, 484/5, 5/33, 7/11, 25/2]
  line 20671  DECIDED  n>=1  1 branch(es)  [9/70, 5/33, 484/5, 7/11, 25/2]
  line 20673  DECIDED  n>=1  1 branch(es)  [9/70, 5/33, 847/5, 4/11, 25/2]
  line 20674  DECIDED  n>=1  1 branch(es)  [9/70, 5/33, 847/5, 4/11, 33/2]
  line 20675  DECIDED  n>=1  1 branch(es)  [9/70, 5/33, 847/5, 4/11, 5/2]
  line 20677  DECIDED  n>=1  1 branch(es)  [9/70, 5/33, 847/5, 8/11, 5/2]
  line 20678  DECIDED  n>=3  1 branch(es)  [9/70, 5/6, 4/55, 77/2, 10/7]
  line 20681  DECIDED  n>=1  1 branch(es)  [9/70, 50/33, 11/5, 14/11, 25/2]
  line 20682  DECIDED  n>=1  1 branch(es)  [9/70, 50/33, 22/5, 7/11, 25/2]
  line 20684  DECIDED  n>=2  1 branch(es)  [9/70, 55/2, 20/33, 7/11, 4/5]
  line 20691  DECIDED  n>=2  1 branch(es)  [9/70, 55/2, 4/33, 7/11, 33/5]
  line 20693  DECIDED  n>=2  1 branch(es)  [9/70, 55/2, 4/33, 7/11, 4/5]
  line 20698  DECIDED  n>=1  1 branch(es)  [9/70, 605/2, 2/33, 343/11, 2/7]
  line 20699  DECIDED  n>=1  1 branch(es)  [9/70, 605/2, 2/33, 49/11, 2/7]
  line 20701  DECIDED  n>=1  1 branch(es)  [9/70, 605/2, 2/33, 49/11, 33/7]
  line 20702  DECIDED  n>=2  1 branch(es)  [9/70, 605/2, 2/33, 49/11, 4/7]
  line 20704  DECIDED  n>=1  1 branch(es)  [9/70, 605/2, 4/15, 7/5, 10/11]
  line 20719  DECIDED  n>=2  1 branch(es)  [9/70, 7/165, 10/3, 121/2, 21/11]
  line 20720  DECIDED  n>=2  1 branch(es)  [9/70, 7/165, 10/3, 55/2, 21/5]
  line 20721  DECIDED  n>=2  1 branch(es)  [9/70, 7/165, 25/7, 22/5, 35/2]
  line 20723  DECIDED  n>=1  1 branch(es)  [9/70, 77/15, 2/3, 25/11, 99/2]
  line 20724  DECIDED  n>=2  2 branch(es)  [9/70, 77/15, 22/3, 5/11, 147/2]
  line 20725  DECIDED  n>=2  1 branch(es)  [9/70, 77/15, 22/3, 5/11, 21/2]
  line 20726  DECIDED  n>=3  1 branch(es)  [9/70, 77/15, 22/3, 5/11, 231/2]
  line 20727  DECIDED  n>=2  2 branch(es)  [9/70, 77/15, 22/3, 5/11, 27/2]
  line 20728  DECIDED  n>=2  1 branch(es)  [9/70, 77/15, 22/3, 5/11, 45/2]
  line 20729  DECIDED  n>=2  2 branch(es)  [9/70, 77/15, 22/3, 5/11, 63/2]
  line 20730  DECIDED  n>=1  1 branch(es)  [9/70, 77/15, 22/3, 5/11, 9/2]
  line 20731  DECIDED  n>=2  1 branch(es)  [9/70, 77/15, 22/3, 5/11, 99/2]
  line 20733  DECIDED  n>=1  1 branch(es)  [9/70, 77/15, 44/3, 25/11, 3/2]
  line 20740  DECIDED  n>=3  2 branch(es)  [9/70, 847/15, 2/3, 5/11, 45/2]
  line 20745  DECIDED  n>=1  1 branch(es)  [9/70, 847/5, 5/33, 4/11, 25/2]
  line 20746  DECIDED  n>=1  1 branch(es)  [9/70, 847/5, 5/33, 4/11, 33/2]
  line 20747  DECIDED  n>=1  1 branch(es)  [9/70, 847/5, 5/33, 4/11, 5/2]
  line 20749  DECIDED  n>=1  1 branch(es)  [9/70, 847/5, 5/33, 8/11, 5/2]
  line 20756  DECIDED  n>=1  1 branch(es)  [945/2, 12/55, 1/5, 11/63, 5/3]
  line 20761  DECIDED  n>=1  1 branch(es)  [945/2, 2/55, 1/5, 121/63, 25/3]
  line 20762  DECIDED  n>=0  1 branch(es)  [945/2, 2/55, 1/5, 121/63, 5/3]
  line 20772  DECIDED  n>=1  1 branch(es)  [945/2, 4/55, 1/5, 11/63, 25/3]
  line 20773  DECIDED  n>=1  1 branch(es)  [945/2, 4/55, 1/5, 11/63, 5/3]
  line 20777  DECIDED  n>=0  1 branch(es)  [945/2, 6/55, 1/5, 121/63, 5/3]
  line 20779  DECIDED  n>=2  1 branch(es)  [99/35, 1/132, 25/3, 2/5, 147/2]
  line 20807  DECIDED  n>=0  1 branch(es)  [99/35, 1/66, 5/3, 4/5, 147/2]
  line 20828  DECIDED  n>=2  1 branch(es)  [99/35, 12/5, 25/66, 7/3, 5/2]
  line 20833  DECIDED  n>=3  2 branch(es)  [99/35, 125/22, 2/5, 7/3, 165/2]
  line 20836  DECIDED  n>=2  2 branch(es)  [99/35, 125/22, 4/5, 7/3, 15/2]
  line 20856  DECIDED  n>=1  1 branch(es)  [99/35, 176/5, 5/6, 7/11, 5/2]
  line 20857  DECIDED  n>=2  2 branch(es)  [99/35, 2/5, 125/22, 7/3, 165/2]
  line 20866  DECIDED  n>=2  2 branch(es)  [99/35, 2/5, 25/18, 7/11, 175/2]
  line 20867  DECIDED  n>=3  2 branch(es)  [99/35, 2/5, 25/18, 7/11, 275/2]
  line 20869  DECIDED  n>=2  2 branch(es)  [99/35, 2/5, 25/22, 7/9, 175/2]
  line 20871  DECIDED  n>=1  1 branch(es)  [99/35, 2/5, 25/6, 49/11, 165/2]
  line 20872  DECIDED  n>=1  1 branch(es)  [99/35, 2/5, 25/6, 49/11, 175/2]
  line 20873  DECIDED  n>=1  1 branch(es)  [99/35, 2/5, 25/6, 49/11, 275/2]
  line 20885  DECIDED  n>=2  2 branch(es)  [99/35, 2/5, 25/66, 7/3, 175/2]
  line 20886  DECIDED  n>=3  2 branch(es)  [99/35, 2/5, 25/66, 7/3, 75/2]
  line 20901  DECIDED  n>=1  1 branch(es)  [99/35, 22/5, 25/66, 7/11, 15/2]
  line 20902  DECIDED  n>=1  1 branch(es)  [99/35, 22/5, 25/66, 7/11, 25/2]
  line 20916  DECIDED  n>=2  1 branch(es)  [99/35, 25/18, 44/5, 7/11, 5/2]
  line 20926  DECIDED  n>=2  1 branch(es)  [99/35, 25/22, 4/5, 7/3, 15/2]
  line 20927  DECIDED  n>=3  1 branch(es)  [99/35, 25/22, 4/5, 7/3, 165/2]
  line 20928  DECIDED  n>=2  1 branch(es)  [99/35, 25/22, 4/5, 7/3, 175/2]
  line 20929  DECIDED  n>=3  2 branch(es)  [99/35, 25/22, 4/5, 7/3, 45/2]
  line 20930  DECIDED  n>=2  1 branch(es)  [99/35, 25/22, 4/5, 7/3, 75/2]
  line 20932  DECIDED  n>=2  1 branch(es)  [99/35, 25/22, 8/5, 7/3, 15/2]
  line 20950  DECIDED  n>=2  1 branch(es)  [99/35, 25/6, 2/5, 49/11, 165/2]
  line 20951  DECIDED  n>=1  1 branch(es)  [99/35, 25/6, 2/5, 49/11, 175/2]
  line 20952  DECIDED  n>=1  1 branch(es)  [99/35, 25/6, 2/5, 49/11, 275/2]
  line 20965  DECIDED  n>=2  1 branch(es)  [99/35, 25/6, 4/5, 49/11, 55/2]
  line 20981  DECIDED  n>=2  1 branch(es)  [99/35, 25/66, 12/5, 7/3, 5/2]
  line 20984  DECIDED  n>=2  1 branch(es)  [99/35, 25/66, 22/5, 7/11, 15/2]
  line 20985  DECIDED  n>=1  1 branch(es)  [99/35, 25/66, 22/5, 7/11, 25/2]
  line 20987  DECIDED  n>=2  1 branch(es)  [99/35, 25/66, 44/5, 7/11, 5/2]
  line 21025  DECIDED  n>=1  1 branch(es)  [99/35, 308/5, 5/42, 7/11, 5/2]
  line 21039  DECIDED  n>=2  2 branch(es)  [99/35, 4/5, 125/22, 7/3, 15/2]
  line 21043  DECIDED  n>=2  1 branch(es)  [99/35, 4/5, 25/22, 7/3, 15/2]
  line 21044  DECIDED  n>=2  1 branch(es)  [99/35, 4/5, 25/22, 7/3, 165/2]
  line 21045  DECIDED  n>=1  1 branch(es)  [99/35, 4/5, 25/22, 7/3, 175/2]
  line 21046  DECIDED  n>=1  1 branch(es)  [99/35, 4/5, 25/22, 7/3, 45/2]
  line 21047  DECIDED  n>=2  1 branch(es)  [99/35, 4/5, 25/22, 7/3, 75/2]
  line 21049  DECIDED  n>=1  1 branch(es)  [99/35, 4/5, 25/6, 49/11, 55/2]
  line 21062  DECIDED  n>=1  1 branch(es)  [99/35, 4/5, 5/6, 7/11, 165/2]
  line 21063  DECIDED  n>=2  1 branch(es)  [99/35, 4/5, 5/6, 7/11, 175/2]
  line 21064  DECIDED  n>=0  1 branch(es)  [99/35, 4/5, 5/6, 7/11, 1815/2]
  line 21065  DECIDED  n>=1  1 branch(es)  [99/35, 4/5, 5/6, 7/11, 1925/2]
  line 21066  DECIDED  n>=3  1 branch(es)  [99/35, 4/5, 5/6, 7/11, 275/2]
  line 21067  DECIDED  n>=1  1 branch(es)  [99/35, 4/5, 5/6, 7/11, 3025/2]
  line 21068  DECIDED  n>=1  1 branch(es)  [99/35, 4/5, 5/6, 7/11, 495/2]
  line 21069  DECIDED  n>=2  1 branch(es)  [99/35, 4/5, 5/6, 7/11, 525/2]
  line 21070  DECIDED  n>=1  1 branch(es)  [99/35, 4/5, 5/6, 7/11, 55/2, 1/3]
  line 21071  DECIDED  n>=1  1 branch(es)  [99/35, 4/5, 5/6, 7/11, 55/2, 1/7]
  line 21072  DECIDED  n>=1  1 branch(es)  [99/35, 4/5, 5/6, 7/11, 55/2]
  line 21073  DECIDED  n>=3  1 branch(es)  [99/35, 4/5, 5/6, 7/11, 825/2]
  line 21074  DECIDED  n>=3  1 branch(es)  [99/35, 4/5, 5/6, 7/11, 875/2]
  line 21081  DECIDED  n>=2  1 branch(es)  [99/35, 44/5, 25/18, 7/11, 5/2]
  line 21087  DECIDED  n>=2  1 branch(es)  [99/35, 44/5, 25/66, 7/11, 5/2]
  line 21089  DECIDED  n>=1  1 branch(es)  [99/35, 44/5, 5/6, 7/121, 55/2]
  line 21092  DECIDED  n>=2  1 branch(es)  [99/35, 484/5, 5/42, 7/11, 5/2]
  line 21093  DECIDED  n>=2  1 branch(es)  [99/35, 5/132, 49/3, 2/7, 15/2]
  line 21116  DECIDED  n>=1  1 branch(es)  [99/35, 5/6, 176/5, 7/11, 5/2]
  line 21117  DECIDED  n>=2  1 branch(es)  [99/35, 5/6, 343/3, 4/11, 15/2]
  line 21120  DECIDED  n>=2  2 branch(es)  [99/35, 5/6, 4/5, 49/121, 55/2]
  line 21123  DECIDED  n>=2  1 branch(es)  [99/35, 5/6, 4/5, 7/11, 165/2]
  line 21124  DECIDED  n>=2  1 branch(es)  [99/35, 5/6, 4/5, 7/11, 175/2]
  line 21125  DECIDED  n>=1  1 branch(es)  [99/35, 5/6, 4/5, 7/11, 1815/2]
  line 21126  DECIDED  n>=1  2 branch(es)  [99/35, 5/6, 4/5, 7/11, 1925/2]
  line 21127  DECIDED  n>=3  1 branch(es)  [99/35, 5/6, 4/5, 7/11, 275/2]
  line 21128  DECIDED  n>=3  2 branch(es)  [99/35, 5/6, 4/5, 7/11, 3025/2]
  line 21129  DECIDED  n>=2  1 branch(es)  [99/35, 5/6, 4/5, 7/11, 495/2]
  line 21130  DECIDED  n>=2  1 branch(es)  [99/35, 5/6, 4/5, 7/11, 525/2]
  line 21131  DECIDED  n>=3  2 branch(es)  [99/35, 5/6, 4/5, 7/11, 55/2, 1/3]
  line 21132  DECIDED  n>=3  2 branch(es)  [99/35, 5/6, 4/5, 7/11, 55/2, 1/7]
  line 21133  DECIDED  n>=3  2 branch(es)  [99/35, 5/6, 4/5, 7/11, 55/2]
  line 21134  DECIDED  n>=3  1 branch(es)  [99/35, 5/6, 4/5, 7/11, 825/2]
  line 21135  DECIDED  n>=3  1 branch(es)  [99/35, 5/6, 4/5, 7/11, 875/2]
  line 21136  DECIDED  n>=3  2 branch(es)  [99/35, 5/6, 44/5, 7/121, 55/2]
  line 21137  DECIDED  n>=2  1 branch(es)  [99/35, 5/6, 49/3, 4/11, 15/2]
  line 21138  DECIDED  n>=2  1 branch(es)  [99/35, 5/6, 49/3, 4/11, 45/2]
  line 21139  DECIDED  n>=2  1 branch(es)  [99/35, 5/6, 49/3, 4/11, 75/2]
  line 21151  DECIDED  n>=1  2 branch(es)  [99/35, 5/6, 8/5, 49/11, 55/2]
  line 21158  DECIDED  n>=3  2 branch(es)  [99/35, 5/6, 88/5, 7/11, 25/2]
  line 21160  DECIDED  n>=1  2 branch(es)  [99/35, 5/6, 88/5, 7/11, 55/2]
  line 21164  DECIDED  n>=1  1 branch(es)  [99/35, 5/66, 7/3, 4/7, 15/2]
  line 21167  DECIDED  n>=1  1 branch(es)  [99/35, 5/66, 7/3, 8/7, 15/2]
  line 21168  DECIDED  n>=1  1 branch(es)  [99/35, 5/66, 7/3, 8/7, 35/2]
  line 21185  DECIDED  n>=1  1 branch(es)  [99/35, 7/30, 220/7, 5/11, 7/2]
  line 21186  DECIDED  n>=2  1 branch(es)  [99/35, 7/30, 484/7, 5/11, 7/2]
  line 21191  DECIDED  n>=2  1 branch(es)  [99/35, 8/5, 25/22, 7/3, 15/2]
  line 21193  DECIDED  n>=0  1 branch(es)  [99/35, 8/5, 5/6, 49/11, 55/2]
  line 21200  DECIDED  n>=0  1 branch(es)  [99/35, 88/5, 5/6, 7/11, 15/2]
    ... 21200/21233 scanned, 3054 decided, 37715s
  line 21201  DECIDED  n>=1  1 branch(es)  [99/35, 88/5, 5/6, 7/11, 25/2]
  line 21202  DECIDED  n>=1  1 branch(es)  [99/35, 88/5, 5/6, 7/11, 5/2]
  line 21203  DECIDED  n>=0  1 branch(es)  [99/35, 88/5, 5/6, 7/11, 55/2]
  line 21214  DECIDED  n>=3  2 branch(es)  [99/70, 25/21, 22/3, 7/11, 15/2]
  line 21221  DECIDED  n>=1  1 branch(es)  [99/70, 7/15, 2/3, 25/11, 99/2]
  line 21222  DECIDED  n>=2  1 branch(es)  [99/70, 7/15, 22/3, 5/11, 147/2]
  line 21223  DECIDED  n>=3  1 branch(es)  [99/70, 7/15, 22/3, 5/11, 21/2]
  line 21224  DECIDED  n>=2  1 branch(es)  [99/70, 7/15, 22/3, 5/11, 45/2]
  line 21225  DECIDED  n>=2  1 branch(es)  [99/70, 7/15, 22/3, 5/11, 99/2]
  line 21227  DECIDED  n>=1  1 branch(es)  [99/70, 7/15, 44/3, 25/11, 3/2]
  line 21230  DECIDED  n>=3  2 branch(es)  [99/70, 77/15, 2/3, 5/11, 45/2]

==========================================================================
list      : bbf_sz23_21233.txt  (21233 machines)
DECIDED   : 3065
no cert   : 18168
anomalies : 0
time      : 37758s
decided machines written to mined_decided.txt
